Workbook

Sheet Guia_Utilização
A1: 📖 GUIA DE UTILIZAÇÃO — SISTEMA DE MONITORIZAÇÃO DE CARGA | Belenenses
A3: 1 — ESTRUTURA DO MODELO
A5: Folha | B5: Tab | C5: Função | D5: Seletores / Inputs
A6: Plantel | B6: 🟠 | C6: Lista mestre de jogadores. Gere estado (Ativo/Lesionado), posição e dados pessoais. Alimenta Input_Diário automaticamente. | D6: Jogador, Posição, Estado, Nº Camisola, Data Nascimento
A7: Input_Diário | B7: 🟠 | C7: Registo diário de dados GPS, PSE e Wellness (Hooper Index). Preencher após cada sessão. | D7: Data, MC#, Tipo, Dia MD + métricas GPS + PSE + Fadiga + Min Jogo + Sono + Dor Musc. + Stress + Humor
A8: Painel_Central | B8: 🟢 | C8: Dashboard executivo com risco por jogador, ACWR (4MC), Hooper Index, congestão, tendência CI, e resumo de equipa. | D8: Nenhum (automático)
A9: Carga_Planeada | B9: 🟠 | C9: Compara carga real vs esperada por dia MD. Desvios % por jogador. | D9: Microciclo (B13), Dia MD (E13)
A10: BD_Carga | B10: 🟦 | C10: Base de dados principal (tblCarga). Colunas T-V: Fadiga, Min Jogo, Congestão. Colunas W-AA: Sono, Dor Musc., Stress, Humor, Hooper Index. | D10: Adicionar linhas no final da tabela
A11: ACWR_EWMA | B11: 🟦 | C11: Rácio Agudo:Crónico (EWMA) para carga externa e interna. | D11: Jogador (B5)
A12: Monot_Strain | B12: 🟦 | C12: Monotonia e Strain semanal por jogador. | D12: Jogador (B5)
A13: Vmáx_Monitor | B13: 🟦 | C13: Monitorização de velocidade máxima e limiares ≥85/90/95%. | D13: Jogador secção B (B19)
A14: Dash_Treino | B14: 🟢 | C14: Dashboard individual com KPIs, histórico completo e evolução por microciclo (CI, Dist, HSR, Sprint, Vmáx). | D14: Jogador (B4)
A15: Dash_Gráficos | B15: 🟢 | C15: Gráficos de sessão com data bars por jogador. | D15: Microciclo (B4), Dia MD (D4)
A16: Dash_Posição | B16: 🟢 | C16: Comparação de métricas entre jogadores da mesma posição. | D16: Posição (B3)
... A19: Dash_Microciclos | B19: 🟢 | C19: Comparação entre microciclos (médias, deltas, jogo vs treino). | D19: Nenhum (automático)
A21: 2 — COMO REGISTAR DADOS
A23: Passo | B23: Ação
A24: 1️⃣ | B24: Abrir a folha Input_Diário
A25: 2️⃣ | B25: Preencher Data (B5), Microciclo (E5), Tipo de sessão (H5), e Dia MD (K5)
A26: 3️⃣ | B26: Preencher as células amarelas (C8:T32) com GPS, PSE, Fadiga, Min Jogo e Wellness (Sono, Dor, Stress, Humor)
A27: 4️⃣ | B27: Verificar a seção de transferência (linhas 37+) — os dados estão organizados para colar na BD_Carga
A28: 5️⃣ | B28: Copiar as linhas de transferência A38:Z?? (valores, não fórmulas) e colar no final da tabela tblCarga em BD_Carga
A29: 6️⃣ | B29: Limpar as células amarelas do Input_Diário para a próxima sessão
A31: ⚠️ A tabela tblCarga (BD_Carga) é a fonte de TODOS os dashboards. Não apagues linhas sem cuidado!
A33: 3 — INTERPRETAÇÃO DOS ALERTAS
A35: Código | B35: Significado | C35: Ação Recomendada
A36: 🟢 OK | B36: ACWR 0.8–1.3 | Monotonia <2 | Vmáx ≥90% recente | C36: Carga adequada. Manter plano.
A37: 🟡 ATENÇÃO | B37: ACWR 1.3–1.5 ou <0.8 | Monotonia 2–2.5 | 8–14 dias sem ≥90% | C37: Monitorizar de perto. Considerar ajustar volume/intensidade.
A38: 🔴 RISCO | B38: ACWR >1.5 | Monotonia >2.5 | >14 dias sem ≥90% Vmáx | Strain >3000 | C38: Reduzir carga imediatamente. Consultar staff médico.
A39: 🟦 SUB-CARGA | B39: Z-score < -2.0 | ACWR < 0.6 | Desvio < -25% | C39: Jogador significativamente abaixo da equipa. Avaliar razão (lesão? recuperação?).
A41: 4 — METODOLOGIA
A43: Métrica | B43: Fórmula | C43: Referência
A44: Carga Interna (CI) | B44: PSE Sessão × Duração (min) | C44: Foster et al. (2001)
A45: ACWR (EWMA) | B45: λ aguda = 2/(7+1) = 0.25 | λ crónica = 2/(28+1) ≈ 0.069 | ACWR = Aguda/Crónica | C45: Williams et al. (2017)
A46: Monotonia | B46: Média Semanal CI ÷ Desvio Padrão Semanal CI | C46: Foster (1998)
A47: Strain | B47: Carga Semanal Total CI × Monotonia | C47: Foster (1998)
A48: Z-Score | B48: (Média Jogador − Média Equipa) ÷ Desvio Padrão Equipa | C48: Contextualização individual
A49: % Vmáx Record | B49: Vel. Sessão ÷ Vmáx Histórico do Jogador × 100 | C49: Monitorização de exposição à alta velocidade
A51: 5 — NOTAS IMPORTANTES
A53: • As folhas de dashboard estão protegidas. Só os seletores (células azuis/amarelas) são editáveis.
A54: • A BD_Carga e Painel_Central estão protegidos. O Input tem proteção parcial (só células de dados editáveis).
A55: • Novos jogadores: adicioná-los na folha Plantel com estado 'Ativo'. Aparecem automaticamente no Input e nos dashboards.
A56: • Novos microciclos: adicionar dados com o novo número de MC. Captados automaticamente.
A57: • Máximo atual: 30 jogadores nos dashboards, 200 sessões por jogador no ACWR_EWMA.
A58: • Vmáx_Monitor secção A suporta 30 jogadores. Para mais, contactar o responsável pelo modelo.
A59: • Se o Excel ficar lento, forçar recálculo com Ctrl+Alt+F9.
A60: • Cores dos seletores: texto azul + fundo amarelo = célula editável.
A61: • Novas colunas na BD_Carga (T-V): Fadiga (1-5), Min Jogo, Congestão (dias desde último jogo — calculada automaticamente).
A62: • Wellness (Hooper Index): Preencher Sono, Dor Muscular, Stress e Humor (1-5 cada) após cada sessão. O Hooper Index calcula automaticamente (4-20).
A63: • MD+1 (Recuperação): Disponível nos dropdowns. Usar para registar sessões de recuperação pós-jogo.
... A65: • Painel Central: ACWR usa rácio Agudo:Crónico de 4 microciclos. Resumo de equipa mostra distribuição de risco e médias.

Sheet Plantel
A1: 🏟️ PLANTEL — Lista Mestre de Jogadores
A3: Jogador | B3: Posição | C3: Estado | D3: Nº Camisola | E3: Data Nascimento | G3: 📖 INSTRUÇÕES
A4: Artur | B4: Médio | C4: Ativo | G4: • Adiciona jogadores nesta lista (máx 30)
A5: Capitulo | B5: Lateral | C5: Ativo | G5: • O Input_Diário puxa automaticamente os jogadores 'Ativos'
A6: Edu | B6: Lateral | C6: Ativo | G6: • Muda 'Estado' para Lesionado/Emprestado para excluir
A7: Enzo Hugo | B7: Central | C7: Ativo | G7: • A ordem aqui define a ordem no Input e Painel Central
A8: Gomes | B8: Médio | C8: Ativo
A9: Nogueira | B9: Central | C9: Ativo
A10: Paulino | B10: Médio | C10: Ativo
A11: Sá | B11: Médio | C11: Ativo
A12: Varela | B12: Lateral | C12: Ativo
A13: Valente | B13: Extremo | C13: Ativo
A14: Quinalau | B14: Avançado | C14: Ativo
A15: Bruno | B15: Guarda-Redes | C15: Ativo

Sheet BD_Carga
A1: 📋 BASE DE DADOS — REGISTO DE CARGA | Belenenses
A2: Data | B2: Equipa | C2: Jogador | D2: Posição | E2: Duração (min) | F2: Distância Total (m) | G2: HSR (m) | H2: Sprint (m) | I2: Acc (n) | J2: Dcc (n) | K2: PSE Sessão | L2: Vel. Máx (km/h) | M2: Microciclo | N2: Nº ≥85% Vmáx | O2: Nº ≥90% Vmáx | P2: Nº ≥95% Vmáx | Q2: Tipo | R2: Microciclo (Nr) | S2: Dia MD | T2: Fadiga (1-5) | U2: Min Jogo | V2: Congestão (dias) | W2: Sono (1-5) | X2: Dor Musc. (1-5) | Y2: Stress (1-5) | Z2: Humor (1-5) | AA2: Hooper Index
A3: 46045 | B3: Belenenses | C3: Paulino | D3: Médio | E3: 88 | F3: 6690 | G3: 265 | H3: 136 | I3: 76 | J3: 72 | K3: 6 | L3: 30.3 | M3: 4 | N3: 11 | O3: 3 | P3: 1 | Q3: Treino | R3: 4 | S3: MD-2 | V3: =IF(_xlfn.MAXIFS(tblCarga[Data],tblCarga[Jogador],C3,tblCarga[Tipo],"Jogo",tblCarga[Data],"<"&A3)=0,"-",A3-_xlfn.MAXIFS(tblCarga[Data],tblCarga[Jogador],C3,tblCarga[Tipo],"Jogo",tblCarga[Data],"<"&A3)) | W3: 2 | X3: 3 | Y3: 1 | Z3: 3 | AA3: 9
A4: 46045 | B4: Belenenses | C4: Artur | D4: Médio | E4: 90 | F4: 9262 | G4: 199 | H4: 48 | I4: 83 | J4: 80 | K4: 8 | L4: 29.8 | M4: 4 | N4: 10 | O4: 6 | P4: 3 | Q4: Treino | R4: 4 | S4: MD-2 | V4: =IF(_xlfn.MAXIFS(tblCarga[Data],tblCarga[Jogador],C4,tblCarga[Tipo],"Jogo",tblCarga[Data],"<"&A4)=0,"-",A4-_xlfn.MAXIFS(tblCarga[Data],tblCarga[Jogador],C4,tblCarga[Tipo],"Jogo",tblCarga[Data],"<"&A4)) | W4: 2 | X4: 1 | Y4: 3 | Z4: 1 | AA4: 7
A5: 46045 | B5: Belenenses | C5: Gomes | D5: Médio | E5: 87 | F5: 10123 | G5: 218 | H5: 105 | I5: 90 | J5: 84 | K5: 9 | L5: 29 | M5: 4 | N5: 12 | O5: 4 | P5: 2 | Q5: Treino | R5: 4 | S5: MD-2 | V5: =IF(_xlfn.MAXIFS(tblCarga[Data],tblCarga[Jogador],C5,tblCarga[Tipo],"Jogo",tblCarga[Data],"<"&A5)=0,"-",A5-_xlfn.MAXIFS(tblCarga[Data],tblCarga[Jogador],C5,tblCarga[Tipo],"Jogo",tblCarga[Data],"<"&A5)) | W5: 3 | X5: 3 | Y5: 1 | Z5: 1 | AA5: 8
A6: 46045 | B6: Belenenses | C6: Sá | D6: Médio | E6: 94 | F6: 8899 | G6: 289 | H6: 45 | I6: 65 | J6: 80 | K6: 10 | L6: 31.1 | M6: 4 | N6: 13 | O6: 7 | P6: 1 | Q6: Treino | R6: 4 | S6: MD-2 | V6: =IF(_xlfn.MAXIFS(tblCarga[Data],tblCarga[Jogador],C6,tblCarga[Tipo],"Jogo",tblCarga[Data],"<"&A6)=0,"-",A6-_xlfn.MAXIFS(tblCarga[Data],tblCarga[Jogador],C6,tblCarga[Tipo],"Jogo",tblCarga[Data],"<"&A6)) | W6: 2 | X6: 3 | Y6: 1 | Z6: 2 | AA6: 8
A7: 46045 | B7: Belenenses | C7: Varela | D7: Lateral | E7: 89 | F7: 11440 | G7: 363 | H7: 175 | I7: 75 | J7: 80 | K7: 8 | L7: 32.3 | M7: 4 | N7: 6 | O7: 3 | P7: 1 | Q7: Treino | R7: 4 | S7: MD-2 | V7: =IF(_xlfn.MAXIFS(tblCarga[Data],tblCarga[Jogador],C7,tblCarga[Tipo],"Jogo",tblCarga[Data],"<"&A7)=0,"-",A7-_xlfn.MAXIFS(tblCarga[Data],tblCarga[Jogador],C7,tblCarga[Tipo],"Jogo",tblCarga[Data],"<"&A7)) | W7: 2 | X7: 2 | Y7: 2 | Z7: 2 | AA7: 8
A8: 46045 | B8: Belenenses | C8: Edu | D8: Lateral | E8: 95 | F8: 11377 | G8: 469 | H8: 231 | I8: 84 | J8: 75 | K8: 4 | L8: 31.9 | M8: 4 | N8: 12 | O8: 5 | P8: 2 | Q8: Treino | R8: 4 | S8: MD-2 | V8: =IF(_xlfn.MAXIFS(tblCarga[Data],tblCarga[Jogador],C8,tblCarga[Tipo],"Jogo",tblCarga[Data],"<"&A8)=0,"-",A8-_xlfn.MAXIFS(tblCarga[Data],tblCarga[Jogador],C8,tblCarga[Tipo],"Jogo",tblCarga[Data],"<"&A8)) | W8: 1 | X8: 2 | Y8: 2 | Z8: 3 | AA8: 8
A9: 46045 | B9: Belenenses | C9: Capitulo | D9: Lateral | E9: 95 | F9: 10190 | G9: 486 | H9: 170 | I9: 83 | J9: 82 | K9: 4 | L9: 31 | M9: 4 | N9: 11 | O9: 7 | P9: 1 | Q9: Treino | R9: 4 | S9: MD-2 | V9: =IF(_xlfn.MAXIFS(tblCarga[Data],tblCarga[Jogador],C9,tblCarga[Tipo],"Jogo",tblCarga[Data],"<"&A9)=0,"-",A9-_xlfn.MAXIFS(tblCarga[Data],tblCarga[Jogador],C9,tblCarga[Tipo],"Jogo",tblCarga[Data],"<"&A9)) | W9: 2 | X9: 1 | Y9: 1 | Z9: 3 | AA9: 7
A10: 46045 | B10: Belenenses | C10: Enzo Hugo | D10: Central | E10: 84 | F10: 9489 | G10: 251 | H10: 44 | I10: 82 | J10: 96 | K10: 8 | L10: 28.7 | M10: 4 | N10: 13 | O10: 7 | P10: 4 | Q10: Treino | R10: 4 | S10: MD-2 | V10: =IF(_xlfn.MAXIFS(tblCarga[Data],tblCarga[Jogador],C10,tblCarga[Tipo],"Jogo",tblCarga[Data],"<"&A10)=0,"-",A10-_xlfn.MAXIFS(tblCarga[Data],tblCarga[Jogador],C10,tblCarga[Tipo],"Jogo",tblCarga[Data],"<"&A10)) | W10: 2 | X10: 2 | Y10: 2 | Z10: 2 | AA10: 8
A11: 46045 | B11: Belenenses | C11: Nogueira | D11: Central | E11: 93 | F11: 10367 | G11: 303 | H11: 33 | I11: 62 | J11: 87 | K11: 7 | L11: 28.8 | M11: 4 | N11: 9 | O11: 5 | P11: 3 | Q11: Treino | R11: 4 | S11: MD-2 | V11: =IF(_xlfn.MAXIFS(tblCarga[Data],tblCarga[Jogador],C11,tblCarga[Tipo],"Jogo",tblCarga[Data],"<"&A11)=0,"-",A11-_xlfn.MAXIFS(tblCarga[Data],tblCarga[Jogador],C11,tblCarga[Tipo],"Jogo",tblCarga[Data],"<"&A11)) | W11: 2 | X11: 2 | Y11: 2 | Z11: 3 | AA11: 9
A12: 46052 | B12: Belenenses | C12: Paulino | D12: Médio | E12: 82 | F12: 6537 | G12: 264 | H12: 132 | I12: 61 | J12: 71 | K12: 7 | L12: 30.5 | M12: 5 | N12: 13 | O12: 8 | P12: 4 | Q12: Treino | R12: 5 | S12: MD-1 | V12: =IF(_xlfn.MAXIFS(tblCarga[Data],tblCarga[Jogador],C12,tblCarga[Tipo],"Jogo",tblCarga[Data],"<"&A12)=0,"-",A12-_xlfn.MAXIFS(tblCarga[Data],tblCarga[Jogador],C12,tblCarga[Tipo],"Jogo",tblCarga[Data],"<"&A12)) | W12: 1 | X12: 1 | Y12: 2 | Z12: 2 | AA12: 6
A13: 46052 | B13: Belenenses | C13: Artur | D13: Médio | E13: 95 | F13: 8996 | G13: 172 | H13: 55 | I13: 70 | J13: 76 | K13: 6 | L13: 30.2 | M13: 5 | N13: 10 | O13: 5 | P13: 2 | Q13: Treino | R13: 5 | S13: MD-1 | V13: =IF(_xlfn.MAXIFS(tblCarga[Data],tblCarga[Jogador],C13,tblCarga[Tipo],"Jogo",tblCarga[Data],"<"&A13)=0,"-",A13-_xlfn.MAXIFS(tblCarga[Data],tblCarga[Jogador],C13,tblCarga[Tipo],"Jogo",tblCarga[Data],"<"&A13)) | W13: 1 | X13: 1 | Y13: 2 | Z13: 1 | AA13: 5
A14: 46052 | B14: Belenenses | C14: Gomes | D14: Médio | E14: 81 | F14: 8529 | G14: 240 | H14: 111 | I14: 77 | J14: 87 | K14: 7 | L14: 28.3 | M14: 5 | N14: 9 | O14: 3 | P14: 1 | Q14: Treino | R14: 5 | S14: MD-1 | V14: =IF(_xlfn.MAXIFS(tblCarga[Data],tblCarga[Jogador],C14,tblCarga[Tipo],"Jogo",tblCarga[Data],"<"&A14)=0,"-",A14-_xlfn.MAXIFS(tblCarga[Data],tblCarga[Jogador],C14,tblCarga[Tipo],"Jogo",tblCarga[Data],"<"&A14)) | W14: 2 | X14: 2 | Y14: 1 | Z14: 1 | AA14: 6
... A470: 46138 | B470: Belenenses | C470: Nogueira | D470: Central | E470: 57 | F470: 5646 | G470: 136 | H470: 9 | I470: 32 | J470: 45 | K470: 2 | L470: 25 | M470: 10 | N470: 5 | O470: 2 | P470: 0 | Q470: Treino | R470: 10 | S470: MD-1 | V470: =IF(_xlfn.MAXIFS(tblCarga[Data],tblCarga[Jogador],C470,tblCarga[Tipo],"Jogo",tblCarga[Data],"<"&A470)=0,"-",A470-_xlfn.MAXIFS(tblCarga[Data],tblCarga[Jogador],C470,tblCarga[Tipo],"Jogo",tblCarga[Data],"<"&A470)) | W470: 1 | X470: 1 | Y470: 2 | Z470: 1 | AA470: 5

Sheet Painel_Central
A1: 🏆 PAINEL CENTRAL | Belenenses | G1: MC: | H1: 10
A3: 🔴 | B3: =COUNTIF($C$8:$C$32,"🔴") | C3: Risco | D3: 🟡 | E3: =COUNTIF($C$8:$C$32,"🟡") | F3: Atenção | G3: 🟢 | H3: =COUNTIF($C$8:$C$32,"🟢") | I3: OK | J3: Equipa: | K3: =COUNTIF($C$8:$C$32,"🔴")&"🔴 "&COUNTIF($C$8:$C$32,"🟡")&"🟡 "&COUNTIF($C$8:$C$32,"🟢")&"🟢"
A5: ▬▬▬ ESTADO POR JOGADOR ▬▬▬▬▬▬▬▬▬▬▬▬▬▬▬▬▬▬▬▬▬▬▬▬▬▬▬▬▬▬▬▬▬▬▬▬▬▬▬▬▬▬▬▬▬▬▬▬▬▬▬▬▬▬▬▬▬▬▬▬
A7: # | B7: Jogador | C7: Estado | D7: Risco (1-10) | E7: Motivo Principal | F7: Δ Carga | G7: ACWR (EWMA) | H7: Monot. | I7: Dias s/ ≥90% | J7: CI Sem. (MC atual) | K7: Min. Jogo (último MC) | L7: Jogos Consec. | M7: Ação Recomendada | N7: Tendência CI (4MC) | O7: Hooper (último) | P7: MC-3 | Q7: MC-2 | R7: MC-1 | S7: MC atual | T7: Congestão (dias)
A8: =IF(B8="","",ROW()-7) | B8: {=IFERROR(IF(INDEX(_xlfn._xlws.SORT(_xlfn.UNIQUE(tblCarga[Jogador])),ROW()-7)=0,"",INDEX(_xlfn._xlws.SORT(_xlfn.UNIQUE(tblCarga[Jogador])),ROW()-7)),"")} | C8: =IF(B8="","",IF(D8>=7,"🔴",IF(D8>=4,"🟡","🟢"))) | D8: =IF(B8="","",_xlfn.LET(_xlpm.acwr,G8,_xlpm.monot,H8,_xlpm.dias,I8,_xlpm.tend,F8,_xlpm.cong,T8,_xlpm.hooper,O8,_xlpm.rACWR,IF(_xlpm.acwr="—",0,IF(OR(_xlpm.acwr>1.5,_xlpm.acwr<0.6),3,IF(OR(_xlpm.acwr>1.3,_xlpm.acwr<0.8),2,IF(_xlpm.acwr<=1.1,0.5,0)))),_xlpm.rMonot,IF(_xlpm.monot>2.5,3,IF(_xlpm.monot>2,2,IF(_xlpm.monot>1.5,1,0))),_xlpm.rDias,IF(_xlpm.dias>14,3,IF(_xlpm.dias>7,2,IF(_xlpm.dias>5,1,0))),_xlpm.rTend,IF(AND(_xlpm.tend="↑",_xlpm.acwr>1.1),1,0),_xlpm.rCong,IF(AND(_xlpm.cong<>"—",_xlpm.cong<4),2,IF(AND(_xlpm.cong<>"—",_xlpm.cong<=5),1,0)),_xlpm.rHooper,IF(AND(_xlpm.hooper<>"—",_xlpm.hooper>=15),1,0),MIN(10,ROUND(_xlpm.rACWR+_xlpm.rMonot+_xlpm.rDias+_xlpm.rTend+_xlpm.rCong+_xlpm.rHooper,0)))) | E8: =IF(B8="","",IF(D8<4,"✅ Sem alertas",_xlfn.LET(_xlpm.acwr,G8,_xlpm.monot,H8,_xlpm.dias,I8,_xlpm.reasons,IF(AND(_xlpm.acwr<>"—",OR(_xlpm.acwr>1.3,_xlpm.acwr<0.8)),"ACWR "&ROUND(_xlpm.acwr,2),"")&IF(AND(_xlpm.monot>2,AND(_xlpm.acwr<>"—",OR(_xlpm.acwr>1.3,_xlpm.acwr<0.8)))," | ","")&IF(_xlpm.monot>2,"Monot "&ROUND(_xlpm.monot,1),"")&IF(AND(_xlpm.dias>7,OR(AND(_xlpm.acwr<>"—",OR(_xlpm.acwr>1.3,_xlpm.acwr<0.8)),_xlpm.monot>2))," | ","")&IF(_xlpm.dias>7,"Vmáx "&_xlpm.dias&"d",""),IF(LEN(_xlpm.reasons)>0,_xlpm.reasons,"Múltiplos fatores")))) | F8: {=IF(B8="","",IFERROR(_xlfn.LET(_xlpm.cur,J8,_xlpm.prev,SUMPRODUCT((tblCarga[Jogador]=B8)*(tblCarga[Microciclo (Nr)]=($H$1-1))*(tblCarga[Tipo]="Treino")*tblCarga[PSE Sessão]*tblCarga[Duração (min)]),_xlpm.delta,(_xlpm.cur-_xlpm.prev)/IF(_xlpm.prev=0,1,_xlpm.prev),IF(_xlpm.delta>0.1,"↑",IF(_xlpm.delta<-0.1,"↓","→"))),"—"))} | G8: =IF(B8="","",IFERROR(J8/(P8*0.4+Q8*0.3+R8*0.2+J8*0.1),"—")) | H8: =IF(B8="","",IFERROR(INDEX(Monot_Strain!F$9:F$38,MATCH(B8,Monot_Strain!A$9:A$38,0)),0)) | I8: {=IF(B8="","",IFERROR(TODAY()-MAX(_xlfn._xlws.FILTER(tblCarga[Data],(tblCarga[Jogador]=B8)*(tblCarga[Nº ≥90% Vmáx]>0))),999))} | J8: {=IF(B8="","",SUMPRODUCT((tblCarga[Jogador]=B8)*(tblCarga[Microciclo (Nr)]=$H$1)*(tblCarga[Tipo]="Treino")*tblCarga[PSE Sessão]*tblCarga[Duração (min)]))} | K8: {=IF(B8="","",IFERROR(SUMPRODUCT((tblCarga[Jogador]=B8)*(tblCarga[Microciclo (Nr)]=$H$1)*(tblCarga[Tipo]="Jogo")*tblCarga[Duração (min)]),0))} | L8: {=IF(B8="","",IFERROR(_xlfn.LET(_xlpm.mcs,_xlfn._xlws.SORT(_xlfn.UNIQUE(_xlfn._xlws.FILTER(tblCarga[Microciclo (Nr)],(tblCarga[Jogador]=B8)*(tblCarga[Tipo]="Jogo"))),,,-1),_xlpm.curMC,$H$1,_xlpm.streak,0,IF(ROWS(_xlpm.mcs)=0,0,SUMPRODUCT(--(_xlpm.mcs>=_xlpm.curMC-ROWS(_xlpm.mcs)+1),--(_xlpm.mcs<=_xlpm.curMC)))),0))} | M8: =IF(B8="","",IF(D8>=7,"⚠️ Reduzir carga. Consultar staff médico.",IF(D8>=4,"🔍 Monitorizar. Ajustar volume se necessário.","✅ Manter plano de treino."))) | N8: =IF(B8="","",IF(S8>R8,"▲ "&ROUND(J8,0),IF(S8<R8,"▼ "&ROUND(J8,0),"→ "&ROUND(J8,0)))) | O8: {=IF(B8="","",IFERROR(INDEX(tblCarga[Hooper Index],MATCH(1,(tblCarga[Jogador]=B8)*(tblCarga[Data]=_xlfn.MAXIFS(tblCarga[Data],tblCarga[Jogador],B8,tblCarga[Hooper Index],">0")),0)),"—"))} | P8: {=IF(B8="","",SUMPRODUCT((tblCarga[Jogador]=B8)*(tblCarga[Microciclo (Nr)]=($H$1-3))*(tblCarga[Tipo]="Treino")*tblCarga[PSE Sessão]*tblCarga[Duração (min)]))} | Q8: {=IF(B8="","",SUMPRODUCT((tblCarga[Jogador]=B8)*(tblCarga[Microciclo (Nr)]=($H$1-2))*(tblCarga[Tipo]="Treino")*tblCarga[PSE Sessão]*tblCarga[Duração (min)]))} | R8: {=IF(B8="","",SUMPRODUCT((tblCarga[Jogador]=B8)*(tblCarga[Microciclo (Nr)]=($H$1-1))*(tblCarga[Tipo]="Treino")*tblCarga[PSE Sessão]*tblCarga[Duração (min)]))} | S8: =J8 | T8: =IF(B8="","",IFERROR(TODAY()-_xlfn.MAXIFS(tblCarga[Data],tblCarga[Jogador],B8,tblCarga[Tipo],"Jogo"),"—"))
A9: =IF(B9="","",ROW()-7) | B9: {=IFERROR(IF(INDEX(_xlfn._xlws.SORT(_xlfn.UNIQUE(tblCarga[Jogador])),ROW()-7)=0,"",INDEX(_xlfn._xlws.SORT(_xlfn.UNIQUE(tblCarga[Jogador])),ROW()-7)),"")} | C9: =IF(B9="","",IF(D9>=7,"🔴",IF(D9>=4,"🟡","🟢"))) | D9: =IF(B9="","",_xlfn.LET(_xlpm.acwr,G9,_xlpm.monot,H9,_xlpm.dias,I9,_xlpm.tend,F9,_xlpm.cong,T9,_xlpm.hooper,O9,_xlpm.rACWR,IF(_xlpm.acwr="—",0,IF(OR(_xlpm.acwr>1.5,_xlpm.acwr<0.6),3,IF(OR(_xlpm.acwr>1.3,_xlpm.acwr<0.8),2,IF(_xlpm.acwr<=1.1,0.5,0)))),_xlpm.rMonot,IF(_xlpm.monot>2.5,3,IF(_xlpm.monot>2,2,IF(_xlpm.monot>1.5,1,0))),_xlpm.rDias,IF(_xlpm.dias>14,3,IF(_xlpm.dias>7,2,IF(_xlpm.dias>5,1,0))),_xlpm.rTend,IF(AND(_xlpm.tend="↑",_xlpm.acwr>1.1),1,0),_xlpm.rCong,IF(AND(_xlpm.cong<>"—",_xlpm.cong<4),2,IF(AND(_xlpm.cong<>"—",_xlpm.cong<=5),1,0)),_xlpm.rHooper,IF(AND(_xlpm.hooper<>"—",_xlpm.hooper>=15),1,0),MIN(10,ROUND(_xlpm.rACWR+_xlpm.rMonot+_xlpm.rDias+_xlpm.rTend+_xlpm.rCong+_xlpm.rHooper,0)))) | E9: =IF(B9="","",IF(D9<4,"✅ Sem alertas",_xlfn.LET(_xlpm.acwr,G9,_xlpm.monot,H9,_xlpm.dias,I9,_xlpm.reasons,IF(AND(_xlpm.acwr<>"—",OR(_xlpm.acwr>1.3,_xlpm.acwr<0.8)),"ACWR "&ROUND(_xlpm.acwr,2),"")&IF(AND(_xlpm.monot>2,AND(_xlpm.acwr<>"—",OR(_xlpm.acwr>1.3,_xlpm.acwr<0.8)))," | ","")&IF(_xlpm.monot>2,"Monot "&ROUND(_xlpm.monot,1),"")&IF(AND(_xlpm.dias>7,OR(AND(_xlpm.acwr<>"—",OR(_xlpm.acwr>1.3,_xlpm.acwr<0.8)),_xlpm.monot>2))," | ","")&IF(_xlpm.dias>7,"Vmáx "&_xlpm.dias&"d",""),IF(LEN(_xlpm.reasons)>0,_xlpm.reasons,"Múltiplos fatores")))) | F9: {=IF(B9="","",IFERROR(_xlfn.LET(_xlpm.cur,J9,_xlpm.prev,SUMPRODUCT((tblCarga[Jogador]=B9)*(tblCarga[Microciclo (Nr)]=($H$1-1))*(tblCarga[Tipo]="Treino")*tblCarga[PSE Sessão]*tblCarga[Duração (min)]),_xlpm.delta,(_xlpm.cur-_xlpm.prev)/IF(_xlpm.prev=0,1,_xlpm.prev),IF(_xlpm.delta>0.1,"↑",IF(_xlpm.delta<-0.1,"↓","→"))),"—"))} | G9: =IF(B9="","",IFERROR(J9/(P9*0.4+Q9*0.3+R9*0.2+J9*0.1),"—")) | H9: =IF(B9="","",IFERROR(INDEX(Monot_Strain!F$9:F$38,MATCH(B9,Monot_Strain!A$9:A$38,0)),0)) | I9: {=IF(B9="","",IFERROR(TODAY()-MAX(_xlfn._xlws.FILTER(tblCarga[Data],(tblCarga[Jogador]=B9)*(tblCarga[Nº ≥90% Vmáx]>0))),999))} | J9: {=IF(B9="","",SUMPRODUCT((tblCarga[Jogador]=B9)*(tblCarga[Microciclo (Nr)]=$H$1)*(tblCarga[Tipo]="Treino")*tblCarga[PSE Sessão]*tblCarga[Duração (min)]))} | K9: {=IF(B9="","",IFERROR(SUMPRODUCT((tblCarga[Jogador]=B9)*(tblCarga[Microciclo (Nr)]=$H$1)*(tblCarga[Tipo]="Jogo")*tblCarga[Duração (min)]),0))} | L9: {=IF(B9="","",IFERROR(_xlfn.LET(_xlpm.mcs,_xlfn._xlws.SORT(_xlfn.UNIQUE(_xlfn._xlws.FILTER(tblCarga[Microciclo (Nr)],(tblCarga[Jogador]=B9)*(tblCarga[Tipo]="Jogo"))),,,-1),_xlpm.curMC,$H$1,_xlpm.streak,0,IF(ROWS(_xlpm.mcs)=0,0,SUMPRODUCT(--(_xlpm.mcs>=_xlpm.curMC-ROWS(_xlpm.mcs)+1),--(_xlpm.mcs<=_xlpm.curMC)))),0))} | M9: =IF(B9="","",IF(D9>=7,"⚠️ Reduzir carga. Consultar staff médico.",IF(D9>=4,"🔍 Monitorizar. Ajustar volume se necessário.","✅ Manter plano de treino."))) | N9: =IF(B9="","",IF(S9>R9,"▲ "&ROUND(J9,0),IF(S9<R9,"▼ "&ROUND(J9,0),"→ "&ROUND(J9,0)))) | O9: {=IF(B9="","",IFERROR(INDEX(tblCarga[Hooper Index],MATCH(1,(tblCarga[Jogador]=B9)*(tblCarga[Data]=_xlfn.MAXIFS(tblCarga[Data],tblCarga[Jogador],B9,tblCarga[Hooper Index],">0")),0)),"—"))} | P9: {=IF(B9="","",SUMPRODUCT((tblCarga[Jogador]=B9)*(tblCarga[Microciclo (Nr)]=($H$1-3))*(tblCarga[Tipo]="Treino")*tblCarga[PSE Sessão]*tblCarga[Duração (min)]))} | Q9: {=IF(B9="","",SUMPRODUCT((tblCarga[Jogador]=B9)*(tblCarga[Microciclo (Nr)]=($H$1-2))*(tblCarga[Tipo]="Treino")*tblCarga[PSE Sessão]*tblCarga[Duração (min)]))} | R9: {=IF(B9="","",SUMPRODUCT((tblCarga[Jogador]=B9)*(tblCarga[Microciclo (Nr)]=($H$1-1))*(tblCarga[Tipo]="Treino")*tblCarga[PSE Sessão]*tblCarga[Duração (min)]))} | S9: =J9 | T9: =IF(B9="","",IFERROR(TODAY()-_xlfn.MAXIFS(tblCarga[Data],tblCarga[Jogador],B9,tblCarga[Tipo],"Jogo"),"—"))
A10: =IF(B10="","",ROW()-7) | B10: {=IFERROR(IF(INDEX(_xlfn._xlws.SORT(_xlfn.UNIQUE(tblCarga[Jogador])),ROW()-7)=0,"",INDEX(_xlfn._xlws.SORT(_xlfn.UNIQUE(tblCarga[Jogador])),ROW()-7)),"")} | C10: =IF(B10="","",IF(D10>=7,"🔴",IF(D10>=4,"🟡","🟢"))) | D10: =IF(B10="","",_xlfn.LET(_xlpm.acwr,G10,_xlpm.monot,H10,_xlpm.dias,I10,_xlpm.tend,F10,_xlpm.cong,T10,_xlpm.hooper,O10,_xlpm.rACWR,IF(_xlpm.acwr="—",0,IF(OR(_xlpm.acwr>1.5,_xlpm.acwr<0.6),3,IF(OR(_xlpm.acwr>1.3,_xlpm.acwr<0.8),2,IF(_xlpm.acwr<=1.1,0.5,0)))),_xlpm.rMonot,IF(_xlpm.monot>2.5,3,IF(_xlpm.monot>2,2,IF(_xlpm.monot>1.5,1,0))),_xlpm.rDias,IF(_xlpm.dias>14,3,IF(_xlpm.dias>7,2,IF(_xlpm.dias>5,1,0))),_xlpm.rTend,IF(AND(_xlpm.tend="↑",_xlpm.acwr>1.1),1,0),_xlpm.rCong,IF(AND(_xlpm.cong<>"—",_xlpm.cong<4),2,IF(AND(_xlpm.cong<>"—",_xlpm.cong<=5),1,0)),_xlpm.rHooper,IF(AND(_xlpm.hooper<>"—",_xlpm.hooper>=15),1,0),MIN(10,ROUND(_xlpm.rACWR+_xlpm.rMonot+_xlpm.rDias+_xlpm.rTend+_xlpm.rCong+_xlpm.rHooper,0)))) | E10: =IF(B10="","",IF(D10<4,"✅ Sem alertas",_xlfn.LET(_xlpm.acwr,G10,_xlpm.monot,H10,_xlpm.dias,I10,_xlpm.reasons,IF(AND(_xlpm.acwr<>"—",OR(_xlpm.acwr>1.3,_xlpm.acwr<0.8)),"ACWR "&ROUND(_xlpm.acwr,2),"")&IF(AND(_xlpm.monot>2,AND(_xlpm.acwr<>"—",OR(_xlpm.acwr>1.3,_xlpm.acwr<0.8)))," | ","")&IF(_xlpm.monot>2,"Monot "&ROUND(_xlpm.monot,1),"")&IF(AND(_xlpm.dias>7,OR(AND(_xlpm.acwr<>"—",OR(_xlpm.acwr>1.3,_xlpm.acwr<0.8)),_xlpm.monot>2))," | ","")&IF(_xlpm.dias>7,"Vmáx "&_xlpm.dias&"d",""),IF(LEN(_xlpm.reasons)>0,_xlpm.reasons,"Múltiplos fatores")))) | F10: {=IF(B10="","",IFERROR(_xlfn.LET(_xlpm.cur,J10,_xlpm.prev,SUMPRODUCT((tblCarga[Jogador]=B10)*(tblCarga[Microciclo (Nr)]=($H$1-1))*(tblCarga[Tipo]="Treino")*tblCarga[PSE Sessão]*tblCarga[Duração (min)]),_xlpm.delta,(_xlpm.cur-_xlpm.prev)/IF(_xlpm.prev=0,1,_xlpm.prev),IF(_xlpm.delta>0.1,"↑",IF(_xlpm.delta<-0.1,"↓","→"))),"—"))} | G10: =IF(B10="","",IFERROR(J10/(P10*0.4+Q10*0.3+R10*0.2+J10*0.1),"—")) | H10: =IF(B10="","",IFERROR(INDEX(Monot_Strain!F$9:F$38,MATCH(B10,Monot_Strain!A$9:A$38,0)),0)) | I10: {=IF(B10="","",IFERROR(TODAY()-MAX(_xlfn._xlws.FILTER(tblCarga[Data],(tblCarga[Jogador]=B10)*(tblCarga[Nº ≥90% Vmáx]>0))),999))} | J10: {=IF(B10="","",SUMPRODUCT((tblCarga[Jogador]=B10)*(tblCarga[Microciclo (Nr)]=$H$1)*(tblCarga[Tipo]="Treino")*tblCarga[PSE Sessão]*tblCarga[Duração (min)]))} | K10: {=IF(B10="","",IFERROR(SUMPRODUCT((tblCarga[Jogador]=B10)*(tblCarga[Microciclo (Nr)]=$H$1)*(tblCarga[Tipo]="Jogo")*tblCarga[Duração (min)]),0))} | L10: {=IF(B10="","",IFERROR(_xlfn.LET(_xlpm.mcs,_xlfn._xlws.SORT(_xlfn.UNIQUE(_xlfn._xlws.FILTER(tblCarga[Microciclo (Nr)],(tblCarga[Jogador]=B10)*(tblCarga[Tipo]="Jogo"))),,,-1),_xlpm.curMC,$H$1,_xlpm.streak,0,IF(ROWS(_xlpm.mcs)=0,0,SUMPRODUCT(--(_xlpm.mcs>=_xlpm.curMC-ROWS(_xlpm.mcs)+1),--(_xlpm.mcs<=_xlpm.curMC)))),0))} | M10: =IF(B10="","",IF(D10>=7,"⚠️ Reduzir carga. Consultar staff médico.",IF(D10>=4,"🔍 Monitorizar. Ajustar volume se necessário.","✅ Manter plano de treino."))) | N10: =IF(B10="","",IF(S10>R10,"▲ "&ROUND(J10,0),IF(S10<R10,"▼ "&ROUND(J10,0),"→ "&ROUND(J10,0)))) | O10: {=IF(B10="","",IFERROR(INDEX(tblCarga[Hooper Index],MATCH(1,(tblCarga[Jogador]=B10)*(tblCarga[Data]=_xlfn.MAXIFS(tblCarga[Data],tblCarga[Jogador],B10,tblCarga[Hooper Index],">0")),0)),"—"))} | P10: {=IF(B10="","",SUMPRODUCT((tblCarga[Jogador]=B10)*(tblCarga[Microciclo (Nr)]=($H$1-3))*(tblCarga[Tipo]="Treino")*tblCarga[PSE Sessão]*tblCarga[Duração (min)]))} | Q10: {=IF(B10="","",SUMPRODUCT((tblCarga[Jogador]=B10)*(tblCarga[Microciclo (Nr)]=($H$1-2))*(tblCarga[Tipo]="Treino")*tblCarga[PSE Sessão]*tblCarga[Duração (min)]))} | R10: {=IF(B10="","",SUMPRODUCT((tblCarga[Jogador]=B10)*(tblCarga[Microciclo (Nr)]=($H$1-1))*(tblCarga[Tipo]="Treino")*tblCarga[PSE Sessão]*tblCarga[Duração (min)]))} | S10: =J10 | T10: =IF(B10="","",IFERROR(TODAY()-_xlfn.MAXIFS(tblCarga[Data],tblCarga[Jogador],B10,tblCarga[Tipo],"Jogo"),"—"))
A11: =IF(B11="","",ROW()-7) | B11: {=IFERROR(IF(INDEX(_xlfn._xlws.SORT(_xlfn.UNIQUE(tblCarga[Jogador])),ROW()-7)=0,"",INDEX(_xlfn._xlws.SORT(_xlfn.UNIQUE(tblCarga[Jogador])),ROW()-7)),"")} | C11: =IF(B11="","",IF(D11>=7,"🔴",IF(D11>=4,"🟡","🟢"))) | D11: =IF(B11="","",_xlfn.LET(_xlpm.acwr,G11,_xlpm.monot,H11,_xlpm.dias,I11,_xlpm.tend,F11,_xlpm.cong,T11,_xlpm.hooper,O11,_xlpm.rACWR,IF(_xlpm.acwr="—",0,IF(OR(_xlpm.acwr>1.5,_xlpm.acwr<0.6),3,IF(OR(_xlpm.acwr>1.3,_xlpm.acwr<0.8),2,IF(_xlpm.acwr<=1.1,0.5,0)))),_xlpm.rMonot,IF(_xlpm.monot>2.5,3,IF(_xlpm.monot>2,2,IF(_xlpm.monot>1.5,1,0))),_xlpm.rDias,IF(_xlpm.dias>14,3,IF(_xlpm.dias>7,2,IF(_xlpm.dias>5,1,0))),_xlpm.rTend,IF(AND(_xlpm.tend="↑",_xlpm.acwr>1.1),1,0),_xlpm.rCong,IF(AND(_xlpm.cong<>"—",_xlpm.cong<4),2,IF(AND(_xlpm.cong<>"—",_xlpm.cong<=5),1,0)),_xlpm.rHooper,IF(AND(_xlpm.hooper<>"—",_xlpm.hooper>=15),1,0),MIN(10,ROUND(_xlpm.rACWR+_xlpm.rMonot+_xlpm.rDias+_xlpm.rTend+_xlpm.rCong+_xlpm.rHooper,0)))) | E11: =IF(B11="","",IF(D11<4,"✅ Sem alertas",_xlfn.LET(_xlpm.acwr,G11,_xlpm.monot,H11,_xlpm.dias,I11,_xlpm.reasons,IF(AND(_xlpm.acwr<>"—",OR(_xlpm.acwr>1.3,_xlpm.acwr<0.8)),"ACWR "&ROUND(_xlpm.acwr,2),"")&IF(AND(_xlpm.monot>2,AND(_xlpm.acwr<>"—",OR(_xlpm.acwr>1.3,_xlpm.acwr<0.8)))," | ","")&IF(_xlpm.monot>2,"Monot "&ROUND(_xlpm.monot,1),"")&IF(AND(_xlpm.dias>7,OR(AND(_xlpm.acwr<>"—",OR(_xlpm.acwr>1.3,_xlpm.acwr<0.8)),_xlpm.monot>2))," | ","")&IF(_xlpm.dias>7,"Vmáx "&_xlpm.dias&"d",""),IF(LEN(_xlpm.reasons)>0,_xlpm.reasons,"Múltiplos fatores")))) | F11: {=IF(B11="","",IFERROR(_xlfn.LET(_xlpm.cur,J11,_xlpm.prev,SUMPRODUCT((tblCarga[Jogador]=B11)*(tblCarga[Microciclo (Nr)]=($H$1-1))*(tblCarga[Tipo]="Treino")*tblCarga[PSE Sessão]*tblCarga[Duração (min)]),_xlpm.delta,(_xlpm.cur-_xlpm.prev)/IF(_xlpm.prev=0,1,_xlpm.prev),IF(_xlpm.delta>0.1,"↑",IF(_xlpm.delta<-0.1,"↓","→"))),"—"))} | G11: =IF(B11="","",IFERROR(J11/AVERAGE(P11,Q11,R11),"—")) | H11: =IF(B11="","",IFERROR(INDEX(Monot_Strain!F$9:F$38,MATCH(B11,Monot_Strain!A$9:A$38,0)),0)) | I11: {=IF(B11="","",IFERROR(TODAY()-MAX(_xlfn._xlws.FILTER(tblCarga[Data],(tblCarga[Jogador]=B11)*(tblCarga[Nº ≥90% Vmáx]>0))),999))} | J11: {=IF(B11="","",SUMPRODUCT((tblCarga[Jogador]=B11)*(tblCarga[Microciclo (Nr)]=$H$1)*(tblCarga[Tipo]="Treino")*tblCarga[PSE Sessão]*tblCarga[Duração (min)]))} | K11: {=IF(B11="","",IFERROR(SUMPRODUCT((tblCarga[Jogador]=B11)*(tblCarga[Microciclo (Nr)]=$H$1)*(tblCarga[Tipo]="Jogo")*tblCarga[Duração (min)]),0))} | L11: {=IF(B11="","",IFERROR(_xlfn.LET(_xlpm.mcs,_xlfn._xlws.SORT(_xlfn.UNIQUE(_xlfn._xlws.FILTER(tblCarga[Microciclo (Nr)],(tblCarga[Jogador]=B11)*(tblCarga[Tipo]="Jogo"))),,,-1),_xlpm.curMC,$H$1,_xlpm.streak,0,IF(ROWS(_xlpm.mcs)=0,0,SUMPRODUCT(--(_xlpm.mcs>=_xlpm.curMC-ROWS(_xlpm.mcs)+1),--(_xlpm.mcs<=_xlpm.curMC)))),0))} | M11: =IF(B11="","",IF(D11>=7,"⚠️ Reduzir carga. Consultar staff médico.",IF(D11>=4,"🔍 Monitorizar. Ajustar volume se necessário.","✅ Manter plano de treino."))) | N11: =IF(B11="","",IF(S11>R11,"▲ "&ROUND(J11,0),IF(S11<R11,"▼ "&ROUND(J11,0),"→ "&ROUND(J11,0)))) | O11: {=IF(B11="","",IFERROR(INDEX(tblCarga[Hooper Index],MATCH(1,(tblCarga[Jogador]=B11)*(tblCarga[Data]=_xlfn.MAXIFS(tblCarga[Data],tblCarga[Jogador],B11,tblCarga[Hooper Index],">0")),0)),"—"))} | P11: {=IF(B11="","",SUMPRODUCT((tblCarga[Jogador]=B11)*(tblCarga[Microciclo (Nr)]=($H$1-3))*(tblCarga[Tipo]="Treino")*tblCarga[PSE Sessão]*tblCarga[Duração (min)]))} | Q11: {=IF(B11="","",SUMPRODUCT((tblCarga[Jogador]=B11)*(tblCarga[Microciclo (Nr)]=($H$1-2))*(tblCarga[Tipo]="Treino")*tblCarga[PSE Sessão]*tblCarga[Duração (min)]))} | R11: {=IF(B11="","",SUMPRODUCT((tblCarga[Jogador]=B11)*(tblCarga[Microciclo (Nr)]=($H$1-1))*(tblCarga[Tipo]="Treino")*tblCarga[PSE Sessão]*tblCarga[Duração (min)]))} | S11: =J11 | T11: =IF(B11="","",IFERROR(TODAY()-_xlfn.MAXIFS(tblCarga[Data],tblCarga[Jogador],B11,tblCarga[Tipo],"Jogo"),"—"))
A12: =IF(B12="","",ROW()-7) | B12: {=IFERROR(IF(INDEX(_xlfn._xlws.SORT(_xlfn.UNIQUE(tblCarga[Jogador])),ROW()-7)=0,"",INDEX(_xlfn._xlws.SORT(_xlfn.UNIQUE(tblCarga[Jogador])),ROW()-7)),"")} | C12: =IF(B12="","",IF(D12>=7,"🔴",IF(D12>=4,"🟡","🟢"))) | D12: =IF(B12="","",_xlfn.LET(_xlpm.acwr,G12,_xlpm.monot,H12,_xlpm.dias,I12,_xlpm.tend,F12,_xlpm.cong,T12,_xlpm.hooper,O12,_xlpm.rACWR,IF(_xlpm.acwr="—",0,IF(OR(_xlpm.acwr>1.5,_xlpm.acwr<0.6),3,IF(OR(_xlpm.acwr>1.3,_xlpm.acwr<0.8),2,IF(_xlpm.acwr<=1.1,0.5,0)))),_xlpm.rMonot,IF(_xlpm.monot>2.5,3,IF(_xlpm.monot>2,2,IF(_xlpm.monot>1.5,1,0))),_xlpm.rDias,IF(_xlpm.dias>14,3,IF(_xlpm.dias>7,2,IF(_xlpm.dias>5,1,0))),_xlpm.rTend,IF(AND(_xlpm.tend="↑",_xlpm.acwr>1.1),1,0),_xlpm.rCong,IF(AND(_xlpm.cong<>"—",_xlpm.cong<4),2,IF(AND(_xlpm.cong<>"—",_xlpm.cong<=5),1,0)),_xlpm.rHooper,IF(AND(_xlpm.hooper<>"—",_xlpm.hooper>=15),1,0),MIN(10,ROUND(_xlpm.rACWR+_xlpm.rMonot+_xlpm.rDias+_xlpm.rTend+_xlpm.rCong+_xlpm.rHooper,0)))) | E12: =IF(B12="","",IF(D12<4,"✅ Sem alertas",_xlfn.LET(_xlpm.acwr,G12,_xlpm.monot,H12,_xlpm.dias,I12,_xlpm.reasons,IF(AND(_xlpm.acwr<>"—",OR(_xlpm.acwr>1.3,_xlpm.acwr<0.8)),"ACWR "&ROUND(_xlpm.acwr,2),"")&IF(AND(_xlpm.monot>2,AND(_xlpm.acwr<>"—",OR(_xlpm.acwr>1.3,_xlpm.acwr<0.8)))," | ","")&IF(_xlpm.monot>2,"Monot "&ROUND(_xlpm.monot,1),"")&IF(AND(_xlpm.dias>7,OR(AND(_xlpm.acwr<>"—",OR(_xlpm.acwr>1.3,_xlpm.acwr<0.8)),_xlpm.monot>2))," | ","")&IF(_xlpm.dias>7,"Vmáx "&_xlpm.dias&"d",""),IF(LEN(_xlpm.reasons)>0,_xlpm.reasons,"Múltiplos fatores")))) | F12: {=IF(B12="","",IFERROR(_xlfn.LET(_xlpm.cur,J12,_xlpm.prev,SUMPRODUCT((tblCarga[Jogador]=B12)*(tblCarga[Microciclo (Nr)]=($H$1-1))*(tblCarga[Tipo]="Treino")*tblCarga[PSE Sessão]*tblCarga[Duração (min)]),_xlpm.delta,(_xlpm.cur-_xlpm.prev)/IF(_xlpm.prev=0,1,_xlpm.prev),IF(_xlpm.delta>0.1,"↑",IF(_xlpm.delta<-0.1,"↓","→"))),"—"))} | G12: =IF(B12="","",IFERROR(J12/AVERAGE(P12,Q12,R12),"—")) | H12: =IF(B12="","",IFERROR(INDEX(Monot_Strain!F$9:F$38,MATCH(B12,Monot_Strain!A$9:A$38,0)),0)) | I12: {=IF(B12="","",IFERROR(TODAY()-MAX(_xlfn._xlws.FILTER(tblCarga[Data],(tblCarga[Jogador]=B12)*(tblCarga[Nº ≥90% Vmáx]>0))),999))} | J12: {=IF(B12="","",SUMPRODUCT((tblCarga[Jogador]=B12)*(tblCarga[Microciclo (Nr)]=$H$1)*(tblCarga[Tipo]="Treino")*tblCarga[PSE Sessão]*tblCarga[Duração (min)]))} | K12: {=IF(B12="","",IFERROR(SUMPRODUCT((tblCarga[Jogador]=B12)*(tblCarga[Microciclo (Nr)]=$H$1)*(tblCarga[Tipo]="Jogo")*tblCarga[Duração (min)]),0))} | L12: {=IF(B12="","",IFERROR(_xlfn.LET(_xlpm.mcs,_xlfn._xlws.SORT(_xlfn.UNIQUE(_xlfn._xlws.FILTER(tblCarga[Microciclo (Nr)],(tblCarga[Jogador]=B12)*(tblCarga[Tipo]="Jogo"))),,,-1),_xlpm.curMC,$H$1,_xlpm.streak,0,IF(ROWS(_xlpm.mcs)=0,0,SUMPRODUCT(--(_xlpm.mcs>=_xlpm.curMC-ROWS(_xlpm.mcs)+1),--(_xlpm.mcs<=_xlpm.curMC)))),0))} | M12: =IF(B12="","",IF(D12>=7,"⚠️ Reduzir carga. Consultar staff médico.",IF(D12>=4,"🔍 Monitorizar. Ajustar volume se necessário.","✅ Manter plano de treino."))) | N12: =IF(B12="","",IF(S12>R12,"▲ "&ROUND(J12,0),IF(S12<R12,"▼ "&ROUND(J12,0),"→ "&ROUND(J12,0)))) | O12: {=IF(B12="","",IFERROR(INDEX(tblCarga[Hooper Index],MATCH(1,(tblCarga[Jogador]=B12)*(tblCarga[Data]=_xlfn.MAXIFS(tblCarga[Data],tblCarga[Jogador],B12,tblCarga[Hooper Index],">0")),0)),"—"))} | P12: {=IF(B12="","",SUMPRODUCT((tblCarga[Jogador]=B12)*(tblCarga[Microciclo (Nr)]=($H$1-3))*(tblCarga[Tipo]="Treino")*tblCarga[PSE Sessão]*tblCarga[Duração (min)]))} | Q12: {=IF(B12="","",SUMPRODUCT((tblCarga[Jogador]=B12)*(tblCarga[Microciclo (Nr)]=($H$1-2))*(tblCarga[Tipo]="Treino")*tblCarga[PSE Sessão]*tblCarga[Duração (min)]))} | R12: {=IF(B12="","",SUMPRODUCT((tblCarga[Jogador]=B12)*(tblCarga[Microciclo (Nr)]=($H$1-1))*(tblCarga[Tipo]="Treino")*tblCarga[PSE Sessão]*tblCarga[Duração (min)]))} | S12: =J12 | T12: =IF(B12="","",IFERROR(TODAY()-_xlfn.MAXIFS(tblCarga[Data],tblCarga[Jogador],B12,tblCarga[Tipo],"Jogo"),"—"))
A13: =IF(B13="","",ROW()-7) | B13: {=IFERROR(IF(INDEX(_xlfn._xlws.SORT(_xlfn.UNIQUE(tblCarga[Jogador])),ROW()-7)=0,"",INDEX(_xlfn._xlws.SORT(_xlfn.UNIQUE(tblCarga[Jogador])),ROW()-7)),"")} | C13: =IF(B13="","",IF(D13>=7,"🔴",IF(D13>=4,"🟡","🟢"))) | D13: =IF(B13="","",_xlfn.LET(_xlpm.acwr,G13,_xlpm.monot,H13,_xlpm.dias,I13,_xlpm.tend,F13,_xlpm.cong,T13,_xlpm.hooper,O13,_xlpm.rACWR,IF(_xlpm.acwr="—",0,IF(OR(_xlpm.acwr>1.5,_xlpm.acwr<0.6),3,IF(OR(_xlpm.acwr>1.3,_xlpm.acwr<0.8),2,IF(_xlpm.acwr<=1.1,0.5,0)))),_xlpm.rMonot,IF(_xlpm.monot>2.5,3,IF(_xlpm.monot>2,2,IF(_xlpm.monot>1.5,1,0))),_xlpm.rDias,IF(_xlpm.dias>14,3,IF(_xlpm.dias>7,2,IF(_xlpm.dias>5,1,0))),_xlpm.rTend,IF(AND(_xlpm.tend="↑",_xlpm.acwr>1.1),1,0),_xlpm.rCong,IF(AND(_xlpm.cong<>"—",_xlpm.cong<4),2,IF(AND(_xlpm.cong<>"—",_xlpm.cong<=5),1,0)),_xlpm.rHooper,IF(AND(_xlpm.hooper<>"—",_xlpm.hooper>=15),1,0),MIN(10,ROUND(_xlpm.rACWR+_xlpm.rMonot+_xlpm.rDias+_xlpm.rTend+_xlpm.rCong+_xlpm.rHooper,0)))) | E13: =IF(B13="","",IF(D13<4,"✅ Sem alertas",_xlfn.LET(_xlpm.acwr,G13,_xlpm.monot,H13,_xlpm.dias,I13,_xlpm.reasons,IF(AND(_xlpm.acwr<>"—",OR(_xlpm.acwr>1.3,_xlpm.acwr<0.8)),"ACWR "&ROUND(_xlpm.acwr,2),"")&IF(AND(_xlpm.monot>2,AND(_xlpm.acwr<>"—",OR(_xlpm.acwr>1.3,_xlpm.acwr<0.8)))," | ","")&IF(_xlpm.monot>2,"Monot "&ROUND(_xlpm.monot,1),"")&IF(AND(_xlpm.dias>7,OR(AND(_xlpm.acwr<>"—",OR(_xlpm.acwr>1.3,_xlpm.acwr<0.8)),_xlpm.monot>2))," | ","")&IF(_xlpm.dias>7,"Vmáx "&_xlpm.dias&"d",""),IF(LEN(_xlpm.reasons)>0,_xlpm.reasons,"Múltiplos fatores")))) | F13: {=IF(B13="","",IFERROR(_xlfn.LET(_xlpm.cur,J13,_xlpm.prev,SUMPRODUCT((tblCarga[Jogador]=B13)*(tblCarga[Microciclo (Nr)]=($H$1-1))*(tblCarga[Tipo]="Treino")*tblCarga[PSE Sessão]*tblCarga[Duração (min)]),_xlpm.delta,(_xlpm.cur-_xlpm.prev)/IF(_xlpm.prev=0,1,_xlpm.prev),IF(_xlpm.delta>0.1,"↑",IF(_xlpm.delta<-0.1,"↓","→"))),"—"))} | G13: =IF(B13="","",IFERROR(J13/AVERAGE(P13,Q13,R13),"—")) | H13: =IF(B13="","",IFERROR(INDEX(Monot_Strain!F$9:F$38,MATCH(B13,Monot_Strain!A$9:A$38,0)),0)) | I13: {=IF(B13="","",IFERROR(TODAY()-MAX(_xlfn._xlws.FILTER(tblCarga[Data],(tblCarga[Jogador]=B13)*(tblCarga[Nº ≥90% Vmáx]>0))),999))} | J13: {=IF(B13="","",SUMPRODUCT((tblCarga[Jogador]=B13)*(tblCarga[Microciclo (Nr)]=$H$1)*(tblCarga[Tipo]="Treino")*tblCarga[PSE Sessão]*tblCarga[Duração (min)]))} | K13: {=IF(B13="","",IFERROR(SUMPRODUCT((tblCarga[Jogador]=B13)*(tblCarga[Microciclo (Nr)]=$H$1)*(tblCarga[Tipo]="Jogo")*tblCarga[Duração (min)]),0))} | L13: {=IF(B13="","",IFERROR(_xlfn.LET(_xlpm.mcs,_xlfn._xlws.SORT(_xlfn.UNIQUE(_xlfn._xlws.FILTER(tblCarga[Microciclo (Nr)],(tblCarga[Jogador]=B13)*(tblCarga[Tipo]="Jogo"))),,,-1),_xlpm.curMC,$H$1,_xlpm.streak,0,IF(ROWS(_xlpm.mcs)=0,0,SUMPRODUCT(--(_xlpm.mcs>=_xlpm.curMC-ROWS(_xlpm.mcs)+1),--(_xlpm.mcs<=_xlpm.curMC)))),0))} | M13: =IF(B13="","",IF(D13>=7,"⚠️ Reduzir carga. Consultar staff médico.",IF(D13>=4,"🔍 Monitorizar. Ajustar volume se necessário.","✅ Manter plano de treino."))) | N13: =IF(B13="","",IF(S13>R13,"▲ "&ROUND(J13,0),IF(S13<R13,"▼ "&ROUND(J13,0),"→ "&ROUND(J13,0)))) | O13: {=IF(B13="","",IFERROR(INDEX(tblCarga[Hooper Index],MATCH(1,(tblCarga[Jogador]=B13)*(tblCarga[Data]=_xlfn.MAXIFS(tblCarga[Data],tblCarga[Jogador],B13,tblCarga[Hooper Index],">0")),0)),"—"))} | P13: {=IF(B13="","",SUMPRODUCT((tblCarga[Jogador]=B13)*(tblCarga[Microciclo (Nr)]=($H$1-3))*(tblCarga[Tipo]="Treino")*tblCarga[PSE Sessão]*tblCarga[Duração (min)]))} | Q13: {=IF(B13="","",SUMPRODUCT((tblCarga[Jogador]=B13)*(tblCarga[Microciclo (Nr)]=($H$1-2))*(tblCarga[Tipo]="Treino")*tblCarga[PSE Sessão]*tblCarga[Duração (min)]))} | R13: {=IF(B13="","",SUMPRODUCT((tblCarga[Jogador]=B13)*(tblCarga[Microciclo (Nr)]=($H$1-1))*(tblCarga[Tipo]="Treino")*tblCarga[PSE Sessão]*tblCarga[Duração (min)]))} | S13: =J13 | T13: =IF(B13="","",IFERROR(TODAY()-_xlfn.MAXIFS(tblCarga[Data],tblCarga[Jogador],B13,tblCarga[Tipo],"Jogo"),"—"))
A14: =IF(B14="","",ROW()-7) | B14: {=IFERROR(IF(INDEX(_xlfn._xlws.SORT(_xlfn.UNIQUE(tblCarga[Jogador])),ROW()-7)=0,"",INDEX(_xlfn._xlws.SORT(_xlfn.UNIQUE(tblCarga[Jogador])),ROW()-7)),"")} | C14: =IF(B14="","",IF(D14>=7,"🔴",IF(D14>=4,"🟡","🟢"))) | D14: =IF(B14="","",_xlfn.LET(_xlpm.acwr,G14,_xlpm.monot,H14,_xlpm.dias,I14,_xlpm.tend,F14,_xlpm.cong,T14,_xlpm.hooper,O14,_xlpm.rACWR,IF(_xlpm.acwr="—",0,IF(OR(_xlpm.acwr>1.5,_xlpm.acwr<0.6),3,IF(OR(_xlpm.acwr>1.3,_xlpm.acwr<0.8),2,IF(_xlpm.acwr<=1.1,0.5,0)))),_xlpm.rMonot,IF(_xlpm.monot>2.5,3,IF(_xlpm.monot>2,2,IF(_xlpm.monot>1.5,1,0))),_xlpm.rDias,IF(_xlpm.dias>14,3,IF(_xlpm.dias>7,2,IF(_xlpm.dias>5,1,0))),_xlpm.rTend,IF(AND(_xlpm.tend="↑",_xlpm.acwr>1.1),1,0),_xlpm.rCong,IF(AND(_xlpm.cong<>"—",_xlpm.cong<4),2,IF(AND(_xlpm.cong<>"—",_xlpm.cong<=5),1,0)),_xlpm.rHooper,IF(AND(_xlpm.hooper<>"—",_xlpm.hooper>=15),1,0),MIN(10,ROUND(_xlpm.rACWR+_xlpm.rMonot+_xlpm.rDias+_xlpm.rTend+_xlpm.rCong+_xlpm.rHooper,0)))) | E14: =IF(B14="","",IF(D14<4,"✅ Sem alertas",_xlfn.LET(_xlpm.acwr,G14,_xlpm.monot,H14,_xlpm.dias,I14,_xlpm.reasons,IF(AND(_xlpm.acwr<>"—",OR(_xlpm.acwr>1.3,_xlpm.acwr<0.8)),"ACWR "&ROUND(_xlpm.acwr,2),"")&IF(AND(_xlpm.monot>2,AND(_xlpm.acwr<>"—",OR(_xlpm.acwr>1.3,_xlpm.acwr<0.8)))," | ","")&IF(_xlpm.monot>2,"Monot "&ROUND(_xlpm.monot,1),"")&IF(AND(_xlpm.dias>7,OR(AND(_xlpm.acwr<>"—",OR(_xlpm.acwr>1.3,_xlpm.acwr<0.8)),_xlpm.monot>2))," | ","")&IF(_xlpm.dias>7,"Vmáx "&_xlpm.dias&"d",""),IF(LEN(_xlpm.reasons)>0,_xlpm.reasons,"Múltiplos fatores")))) | F14: {=IF(B14="","",IFERROR(_xlfn.LET(_xlpm.cur,J14,_xlpm.prev,SUMPRODUCT((tblCarga[Jogador]=B14)*(tblCarga[Microciclo (Nr)]=($H$1-1))*(tblCarga[Tipo]="Treino")*tblCarga[PSE Sessão]*tblCarga[Duração (min)]),_xlpm.delta,(_xlpm.cur-_xlpm.prev)/IF(_xlpm.prev=0,1,_xlpm.prev),IF(_xlpm.delta>0.1,"↑",IF(_xlpm.delta<-0.1,"↓","→"))),"—"))} | G14: =IF(B14="","",IFERROR(J14/AVERAGE(P14,Q14,R14),"—")) | H14: =IF(B14="","",IFERROR(INDEX(Monot_Strain!F$9:F$38,MATCH(B14,Monot_Strain!A$9:A$38,0)),0)) | I14: {=IF(B14="","",IFERROR(TODAY()-MAX(_xlfn._xlws.FILTER(tblCarga[Data],(tblCarga[Jogador]=B14)*(tblCarga[Nº ≥90% Vmáx]>0))),999))} | J14: {=IF(B14="","",SUMPRODUCT((tblCarga[Jogador]=B14)*(tblCarga[Microciclo (Nr)]=$H$1)*(tblCarga[Tipo]="Treino")*tblCarga[PSE Sessão]*tblCarga[Duração (min)]))} | K14: {=IF(B14="","",IFERROR(SUMPRODUCT((tblCarga[Jogador]=B14)*(tblCarga[Microciclo (Nr)]=$H$1)*(tblCarga[Tipo]="Jogo")*tblCarga[Duração (min)]),0))} | L14: {=IF(B14="","",IFERROR(_xlfn.LET(_xlpm.mcs,_xlfn._xlws.SORT(_xlfn.UNIQUE(_xlfn._xlws.FILTER(tblCarga[Microciclo (Nr)],(tblCarga[Jogador]=B14)*(tblCarga[Tipo]="Jogo"))),,,-1),_xlpm.curMC,$H$1,_xlpm.streak,0,IF(ROWS(_xlpm.mcs)=0,0,SUMPRODUCT(--(_xlpm.mcs>=_xlpm.curMC-ROWS(_xlpm.mcs)+1),--(_xlpm.mcs<=_xlpm.curMC)))),0))} | M14: =IF(B14="","",IF(D14>=7,"⚠️ Reduzir carga. Consultar staff médico.",IF(D14>=4,"🔍 Monitorizar. Ajustar volume se necessário.","✅ Manter plano de treino."))) | N14: =IF(B14="","",IF(S14>R14,"▲ "&ROUND(J14,0),IF(S14<R14,"▼ "&ROUND(J14,0),"→ "&ROUND(J14,0)))) | O14: {=IF(B14="","",IFERROR(INDEX(tblCarga[Hooper Index],MATCH(1,(tblCarga[Jogador]=B14)*(tblCarga[Data]=_xlfn.MAXIFS(tblCarga[Data],tblCarga[Jogador],B14,tblCarga[Hooper Index],">0")),0)),"—"))} | P14: {=IF(B14="","",SUMPRODUCT((tblCarga[Jogador]=B14)*(tblCarga[Microciclo (Nr)]=($H$1-3))*(tblCarga[Tipo]="Treino")*tblCarga[PSE Sessão]*tblCarga[Duração (min)]))} | Q14: {=IF(B14="","",SUMPRODUCT((tblCarga[Jogador]=B14)*(tblCarga[Microciclo (Nr)]=($H$1-2))*(tblCarga[Tipo]="Treino")*tblCarga[PSE Sessão]*tblCarga[Duração (min)]))} | R14: {=IF(B14="","",SUMPRODUCT((tblCarga[Jogador]=B14)*(tblCarga[Microciclo (Nr)]=($H$1-1))*(tblCarga[Tipo]="Treino")*tblCarga[PSE Sessão]*tblCarga[Duração (min)]))} | S14: =J14 | T14: =IF(B14="","",IFERROR(TODAY()-_xlfn.MAXIFS(tblCarga[Data],tblCarga[Jogador],B14,tblCarga[Tipo],"Jogo"),"—"))
A15: =IF(B15="","",ROW()-7) | B15: {=IFERROR(IF(INDEX(_xlfn._xlws.SORT(_xlfn.UNIQUE(tblCarga[Jogador])),ROW()-7)=0,"",INDEX(_xlfn._xlws.SORT(_xlfn.UNIQUE(tblCarga[Jogador])),ROW()-7)),"")} | C15: =IF(B15="","",IF(D15>=7,"🔴",IF(D15>=4,"🟡","🟢"))) | D15: =IF(B15="","",_xlfn.LET(_xlpm.acwr,G15,_xlpm.monot,H15,_xlpm.dias,I15,_xlpm.tend,F15,_xlpm.cong,T15,_xlpm.hooper,O15,_xlpm.rACWR,IF(_xlpm.acwr="—",0,IF(OR(_xlpm.acwr>1.5,_xlpm.acwr<0.6),3,IF(OR(_xlpm.acwr>1.3,_xlpm.acwr<0.8),2,IF(_xlpm.acwr<=1.1,0.5,0)))),_xlpm.rMonot,IF(_xlpm.monot>2.5,3,IF(_xlpm.monot>2,2,IF(_xlpm.monot>1.5,1,0))),_xlpm.rDias,IF(_xlpm.dias>14,3,IF(_xlpm.dias>7,2,IF(_xlpm.dias>5,1,0))),_xlpm.rTend,IF(AND(_xlpm.tend="↑",_xlpm.acwr>1.1),1,0),_xlpm.rCong,IF(AND(_xlpm.cong<>"—",_xlpm.cong<4),2,IF(AND(_xlpm.cong<>"—",_xlpm.cong<=5),1,0)),_xlpm.rHooper,IF(AND(_xlpm.hooper<>"—",_xlpm.hooper>=15),1,0),MIN(10,ROUND(_xlpm.rACWR+_xlpm.rMonot+_xlpm.rDias+_xlpm.rTend+_xlpm.rCong+_xlpm.rHooper,0)))) | E15: =IF(B15="","",IF(D15<4,"✅ Sem alertas",_xlfn.LET(_xlpm.acwr,G15,_xlpm.monot,H15,_xlpm.dias,I15,_xlpm.reasons,IF(AND(_xlpm.acwr<>"—",OR(_xlpm.acwr>1.3,_xlpm.acwr<0.8)),"ACWR "&ROUND(_xlpm.acwr,2),"")&IF(AND(_xlpm.monot>2,AND(_xlpm.acwr<>"—",OR(_xlpm.acwr>1.3,_xlpm.acwr<0.8)))," | ","")&IF(_xlpm.monot>2,"Monot "&ROUND(_xlpm.monot,1),"")&IF(AND(_xlpm.dias>7,OR(AND(_xlpm.acwr<>"—",OR(_xlpm.acwr>1.3,_xlpm.acwr<0.8)),_xlpm.monot>2))," | ","")&IF(_xlpm.dias>7,"Vmáx "&_xlpm.dias&"d",""),IF(LEN(_xlpm.reasons)>0,_xlpm.reasons,"Múltiplos fatores")))) | F15: {=IF(B15="","",IFERROR(_xlfn.LET(_xlpm.cur,J15,_xlpm.prev,SUMPRODUCT((tblCarga[Jogador]=B15)*(tblCarga[Microciclo (Nr)]=($H$1-1))*(tblCarga[Tipo]="Treino")*tblCarga[PSE Sessão]*tblCarga[Duração (min)]),_xlpm.delta,(_xlpm.cur-_xlpm.prev)/IF(_xlpm.prev=0,1,_xlpm.prev),IF(_xlpm.delta>0.1,"↑",IF(_xlpm.delta<-0.1,"↓","→"))),"—"))} | G15: =IF(B15="","",IFERROR(J15/AVERAGE(P15,Q15,R15),"—")) | H15: =IF(B15="","",IFERROR(INDEX(Monot_Strain!F$9:F$38,MATCH(B15,Monot_Strain!A$9:A$38,0)),0)) | I15: {=IF(B15="","",IFERROR(TODAY()-MAX(_xlfn._xlws.FILTER(tblCarga[Data],(tblCarga[Jogador]=B15)*(tblCarga[Nº ≥90% Vmáx]>0))),999))} | J15: {=IF(B15="","",SUMPRODUCT((tblCarga[Jogador]=B15)*(tblCarga[Microciclo (Nr)]=$H$1)*(tblCarga[Tipo]="Treino")*tblCarga[PSE Sessão]*tblCarga[Duração (min)]))} | K15: {=IF(B15="","",IFERROR(SUMPRODUCT((tblCarga[Jogador]=B15)*(tblCarga[Microciclo (Nr)]=$H$1)*(tblCarga[Tipo]="Jogo")*tblCarga[Duração (min)]),0))} | L15: {=IF(B15="","",IFERROR(_xlfn.LET(_xlpm.mcs,_xlfn._xlws.SORT(_xlfn.UNIQUE(_xlfn._xlws.FILTER(tblCarga[Microciclo (Nr)],(tblCarga[Jogador]=B15)*(tblCarga[Tipo]="Jogo"))),,,-1),_xlpm.curMC,$H$1,_xlpm.streak,0,IF(ROWS(_xlpm.mcs)=0,0,SUMPRODUCT(--(_xlpm.mcs>=_xlpm.curMC-ROWS(_xlpm.mcs)+1),--(_xlpm.mcs<=_xlpm.curMC)))),0))} | M15: =IF(B15="","",IF(D15>=7,"⚠️ Reduzir carga. Consultar staff médico.",IF(D15>=4,"🔍 Monitorizar. Ajustar volume se necessário.","✅ Manter plano de treino."))) | N15: =IF(B15="","",IF(S15>R15,"▲ "&ROUND(J15,0),IF(S15<R15,"▼ "&ROUND(J15,0),"→ "&ROUND(J15,0)))) | O15: {=IF(B15="","",IFERROR(INDEX(tblCarga[Hooper Index],MATCH(1,(tblCarga[Jogador]=B15)*(tblCarga[Data]=_xlfn.MAXIFS(tblCarga[Data],tblCarga[Jogador],B15,tblCarga[Hooper Index],">0")),0)),"—"))} | P15: {=IF(B15="","",SUMPRODUCT((tblCarga[Jogador]=B15)*(tblCarga[Microciclo (Nr)]=($H$1-3))*(tblCarga[Tipo]="Treino")*tblCarga[PSE Sessão]*tblCarga[Duração (min)]))} | Q15: {=IF(B15="","",SUMPRODUCT((tblCarga[Jogador]=B15)*(tblCarga[Microciclo (Nr)]=($H$1-2))*(tblCarga[Tipo]="Treino")*tblCarga[PSE Sessão]*tblCarga[Duração (min)]))} | R15: {=IF(B15="","",SUMPRODUCT((tblCarga[Jogador]=B15)*(tblCarga[Microciclo (Nr)]=($H$1-1))*(tblCarga[Tipo]="Treino")*tblCarga[PSE Sessão]*tblCarga[Duração (min)]))} | S15: =J15 | T15: =IF(B15="","",IFERROR(TODAY()-_xlfn.MAXIFS(tblCarga[Data],tblCarga[Jogador],B15,tblCarga[Tipo],"Jogo"),"—"))
A16: =IF(B16="","",ROW()-7) | B16: {=IFERROR(IF(INDEX(_xlfn._xlws.SORT(_xlfn.UNIQUE(tblCarga[Jogador])),ROW()-7)=0,"",INDEX(_xlfn._xlws.SORT(_xlfn.UNIQUE(tblCarga[Jogador])),ROW()-7)),"")} | C16: =IF(B16="","",IF(D16>=7,"🔴",IF(D16>=4,"🟡","🟢"))) | D16: =IF(B16="","",_xlfn.LET(_xlpm.acwr,G16,_xlpm.monot,H16,_xlpm.dias,I16,_xlpm.tend,F16,_xlpm.cong,T16,_xlpm.hooper,O16,_xlpm.rACWR,IF(_xlpm.acwr="—",0,IF(OR(_xlpm.acwr>1.5,_xlpm.acwr<0.6),3,IF(OR(_xlpm.acwr>1.3,_xlpm.acwr<0.8),2,IF(_xlpm.acwr<=1.1,0.5,0)))),_xlpm.rMonot,IF(_xlpm.monot>2.5,3,IF(_xlpm.monot>2,2,IF(_xlpm.monot>1.5,1,0))),_xlpm.rDias,IF(_xlpm.dias>14,3,IF(_xlpm.dias>7,2,IF(_xlpm.dias>5,1,0))),_xlpm.rTend,IF(AND(_xlpm.tend="↑",_xlpm.acwr>1.1),1,0),_xlpm.rCong,IF(AND(_xlpm.cong<>"—",_xlpm.cong<4),2,IF(AND(_xlpm.cong<>"—",_xlpm.cong<=5),1,0)),_xlpm.rHooper,IF(AND(_xlpm.hooper<>"—",_xlpm.hooper>=15),1,0),MIN(10,ROUND(_xlpm.rACWR+_xlpm.rMonot+_xlpm.rDias+_xlpm.rTend+_xlpm.rCong+_xlpm.rHooper,0)))) | E16: =IF(B16="","",IF(D16<4,"✅ Sem alertas",_xlfn.LET(_xlpm.acwr,G16,_xlpm.monot,H16,_xlpm.dias,I16,_xlpm.reasons,IF(AND(_xlpm.acwr<>"—",OR(_xlpm.acwr>1.3,_xlpm.acwr<0.8)),"ACWR "&ROUND(_xlpm.acwr,2),"")&IF(AND(_xlpm.monot>2,AND(_xlpm.acwr<>"—",OR(_xlpm.acwr>1.3,_xlpm.acwr<0.8)))," | ","")&IF(_xlpm.monot>2,"Monot "&ROUND(_xlpm.monot,1),"")&IF(AND(_xlpm.dias>7,OR(AND(_xlpm.acwr<>"—",OR(_xlpm.acwr>1.3,_xlpm.acwr<0.8)),_xlpm.monot>2))," | ","")&IF(_xlpm.dias>7,"Vmáx "&_xlpm.dias&"d",""),IF(LEN(_xlpm.reasons)>0,_xlpm.reasons,"Múltiplos fatores")))) | F16: {=IF(B16="","",IFERROR(_xlfn.LET(_xlpm.cur,J16,_xlpm.prev,SUMPRODUCT((tblCarga[Jogador]=B16)*(tblCarga[Microciclo (Nr)]=($H$1-1))*(tblCarga[Tipo]="Treino")*tblCarga[PSE Sessão]*tblCarga[Duração (min)]),_xlpm.delta,(_xlpm.cur-_xlpm.prev)/IF(_xlpm.prev=0,1,_xlpm.prev),IF(_xlpm.delta>0.1,"↑",IF(_xlpm.delta<-0.1,"↓","→"))),"—"))} | G16: =IF(B16="","",IFERROR(J16/AVERAGE(P16,Q16,R16),"—")) | H16: =IF(B16="","",IFERROR(INDEX(Monot_Strain!F$9:F$38,MATCH(B16,Monot_Strain!A$9:A$38,0)),0)) | I16: {=IF(B16="","",IFERROR(TODAY()-MAX(_xlfn._xlws.FILTER(tblCarga[Data],(tblCarga[Jogador]=B16)*(tblCarga[Nº ≥90% Vmáx]>0))),999))} | J16: {=IF(B16="","",SUMPRODUCT((tblCarga[Jogador]=B16)*(tblCarga[Microciclo (Nr)]=$H$1)*(tblCarga[Tipo]="Treino")*tblCarga[PSE Sessão]*tblCarga[Duração (min)]))} | K16: {=IF(B16="","",IFERROR(SUMPRODUCT((tblCarga[Jogador]=B16)*(tblCarga[Microciclo (Nr)]=$H$1)*(tblCarga[Tipo]="Jogo")*tblCarga[Duração (min)]),0))} | L16: {=IF(B16="","",IFERROR(_xlfn.LET(_xlpm.mcs,_xlfn._xlws.SORT(_xlfn.UNIQUE(_xlfn._xlws.FILTER(tblCarga[Microciclo (Nr)],(tblCarga[Jogador]=B16)*(tblCarga[Tipo]="Jogo"))),,,-1),_xlpm.curMC,$H$1,_xlpm.streak,0,IF(ROWS(_xlpm.mcs)=0,0,SUMPRODUCT(--(_xlpm.mcs>=_xlpm.curMC-ROWS(_xlpm.mcs)+1),--(_xlpm.mcs<=_xlpm.curMC)))),0))} | M16: =IF(B16="","",IF(D16>=7,"⚠️ Reduzir carga. Consultar staff médico.",IF(D16>=4,"🔍 Monitorizar. Ajustar volume se necessário.","✅ Manter plano de treino."))) | N16: =IF(B16="","",IF(S16>R16,"▲ "&ROUND(J16,0),IF(S16<R16,"▼ "&ROUND(J16,0),"→ "&ROUND(J16,0)))) | O16: {=IF(B16="","",IFERROR(INDEX(tblCarga[Hooper Index],MATCH(1,(tblCarga[Jogador]=B16)*(tblCarga[Data]=_xlfn.MAXIFS(tblCarga[Data],tblCarga[Jogador],B16,tblCarga[Hooper Index],">0")),0)),"—"))} | P16: {=IF(B16="","",SUMPRODUCT((tblCarga[Jogador]=B16)*(tblCarga[Microciclo (Nr)]=($H$1-3))*(tblCarga[Tipo]="Treino")*tblCarga[PSE Sessão]*tblCarga[Duração (min)]))} | Q16: {=IF(B16="","",SUMPRODUCT((tblCarga[Jogador]=B16)*(tblCarga[Microciclo (Nr)]=($H$1-2))*(tblCarga[Tipo]="Treino")*tblCarga[PSE Sessão]*tblCarga[Duração (min)]))} | R16: {=IF(B16="","",SUMPRODUCT((tblCarga[Jogador]=B16)*(tblCarga[Microciclo (Nr)]=($H$1-1))*(tblCarga[Tipo]="Treino")*tblCarga[PSE Sessão]*tblCarga[Duração (min)]))} | S16: =J16 | T16: =IF(B16="","",IFERROR(TODAY()-_xlfn.MAXIFS(tblCarga[Data],tblCarga[Jogador],B16,tblCarga[Tipo],"Jogo"),"—"))
A17: =IF(B17="","",ROW()-7) | B17: {=IFERROR(IF(INDEX(_xlfn._xlws.SORT(_xlfn.UNIQUE(tblCarga[Jogador])),ROW()-7)=0,"",INDEX(_xlfn._xlws.SORT(_xlfn.UNIQUE(tblCarga[Jogador])),ROW()-7)),"")} | C17: =IF(B17="","",IF(D17>=7,"🔴",IF(D17>=4,"🟡","🟢"))) | D17: =IF(B17="","",_xlfn.LET(_xlpm.acwr,G17,_xlpm.monot,H17,_xlpm.dias,I17,_xlpm.tend,F17,_xlpm.cong,T17,_xlpm.hooper,O17,_xlpm.rACWR,IF(_xlpm.acwr="—",0,IF(OR(_xlpm.acwr>1.5,_xlpm.acwr<0.6),3,IF(OR(_xlpm.acwr>1.3,_xlpm.acwr<0.8),2,IF(_xlpm.acwr<=1.1,0.5,0)))),_xlpm.rMonot,IF(_xlpm.monot>2.5,3,IF(_xlpm.monot>2,2,IF(_xlpm.monot>1.5,1,0))),_xlpm.rDias,IF(_xlpm.dias>14,3,IF(_xlpm.dias>7,2,IF(_xlpm.dias>5,1,0))),_xlpm.rTend,IF(AND(_xlpm.tend="↑",_xlpm.acwr>1.1),1,0),_xlpm.rCong,IF(AND(_xlpm.cong<>"—",_xlpm.cong<4),2,IF(AND(_xlpm.cong<>"—",_xlpm.cong<=5),1,0)),_xlpm.rHooper,IF(AND(_xlpm.hooper<>"—",_xlpm.hooper>=15),1,0),MIN(10,ROUND(_xlpm.rACWR+_xlpm.rMonot+_xlpm.rDias+_xlpm.rTend+_xlpm.rCong+_xlpm.rHooper,0)))) | E17: =IF(B17="","",IF(D17<4,"✅ Sem alertas",_xlfn.LET(_xlpm.acwr,G17,_xlpm.monot,H17,_xlpm.dias,I17,_xlpm.reasons,IF(AND(_xlpm.acwr<>"—",OR(_xlpm.acwr>1.3,_xlpm.acwr<0.8)),"ACWR "&ROUND(_xlpm.acwr,2),"")&IF(AND(_xlpm.monot>2,AND(_xlpm.acwr<>"—",OR(_xlpm.acwr>1.3,_xlpm.acwr<0.8)))," | ","")&IF(_xlpm.monot>2,"Monot "&ROUND(_xlpm.monot,1),"")&IF(AND(_xlpm.dias>7,OR(AND(_xlpm.acwr<>"—",OR(_xlpm.acwr>1.3,_xlpm.acwr<0.8)),_xlpm.monot>2))," | ","")&IF(_xlpm.dias>7,"Vmáx "&_xlpm.dias&"d",""),IF(LEN(_xlpm.reasons)>0,_xlpm.reasons,"Múltiplos fatores")))) | F17: {=IF(B17="","",IFERROR(_xlfn.LET(_xlpm.cur,J17,_xlpm.prev,SUMPRODUCT((tblCarga[Jogador]=B17)*(tblCarga[Microciclo (Nr)]=($H$1-1))*(tblCarga[Tipo]="Treino")*tblCarga[PSE Sessão]*tblCarga[Duração (min)]),_xlpm.delta,(_xlpm.cur-_xlpm.prev)/IF(_xlpm.prev=0,1,_xlpm.prev),IF(_xlpm.delta>0.1,"↑",IF(_xlpm.delta<-0.1,"↓","→"))),"—"))} | G17: =IF(B17="","",IFERROR(J17/AVERAGE(P17,Q17,R17),"—")) | H17: =IF(B17="","",IFERROR(INDEX(Monot_Strain!F$9:F$38,MATCH(B17,Monot_Strain!A$9:A$38,0)),0)) | I17: {=IF(B17="","",IFERROR(TODAY()-MAX(_xlfn._xlws.FILTER(tblCarga[Data],(tblCarga[Jogador]=B17)*(tblCarga[Nº ≥90% Vmáx]>0))),999))} | J17: {=IF(B17="","",SUMPRODUCT((tblCarga[Jogador]=B17)*(tblCarga[Microciclo (Nr)]=$H$1)*(tblCarga[Tipo]="Treino")*tblCarga[PSE Sessão]*tblCarga[Duração (min)]))} | K17: {=IF(B17="","",IFERROR(SUMPRODUCT((tblCarga[Jogador]=B17)*(tblCarga[Microciclo (Nr)]=$H$1)*(tblCarga[Tipo]="Jogo")*tblCarga[Duração (min)]),0))} | L17: {=IF(B17="","",IFERROR(_xlfn.LET(_xlpm.mcs,_xlfn._xlws.SORT(_xlfn.UNIQUE(_xlfn._xlws.FILTER(tblCarga[Microciclo (Nr)],(tblCarga[Jogador]=B17)*(tblCarga[Tipo]="Jogo"))),,,-1),_xlpm.curMC,$H$1,_xlpm.streak,0,IF(ROWS(_xlpm.mcs)=0,0,SUMPRODUCT(--(_xlpm.mcs>=_xlpm.curMC-ROWS(_xlpm.mcs)+1),--(_xlpm.mcs<=_xlpm.curMC)))),0))} | M17: =IF(B17="","",IF(D17>=7,"⚠️ Reduzir carga. Consultar staff médico.",IF(D17>=4,"🔍 Monitorizar. Ajustar volume se necessário.","✅ Manter plano de treino."))) | N17: =IF(B17="","",IF(S17>R17,"▲ "&ROUND(J17,0),IF(S17<R17,"▼ "&ROUND(J17,0),"→ "&ROUND(J17,0)))) | O17: {=IF(B17="","",IFERROR(INDEX(tblCarga[Hooper Index],MATCH(1,(tblCarga[Jogador]=B17)*(tblCarga[Data]=_xlfn.MAXIFS(tblCarga[Data],tblCarga[Jogador],B17,tblCarga[Hooper Index],">0")),0)),"—"))} | P17: {=IF(B17="","",SUMPRODUCT((tblCarga[Jogador]=B17)*(tblCarga[Microciclo (Nr)]=($H$1-3))*(tblCarga[Tipo]="Treino")*tblCarga[PSE Sessão]*tblCarga[Duração (min)]))} | Q17: {=IF(B17="","",SUMPRODUCT((tblCarga[Jogador]=B17)*(tblCarga[Microciclo (Nr)]=($H$1-2))*(tblCarga[Tipo]="Treino")*tblCarga[PSE Sessão]*tblCarga[Duração (min)]))} | R17: {=IF(B17="","",SUMPRODUCT((tblCarga[Jogador]=B17)*(tblCarga[Microciclo (Nr)]=($H$1-1))*(tblCarga[Tipo]="Treino")*tblCarga[PSE Sessão]*tblCarga[Duração (min)]))} | S17: =J17 | T17: =IF(B17="","",IFERROR(TODAY()-_xlfn.MAXIFS(tblCarga[Data],tblCarga[Jogador],B17,tblCarga[Tipo],"Jogo"),"—"))
A18: =IF(B18="","",ROW()-7) | B18: {=IFERROR(IF(INDEX(_xlfn._xlws.SORT(_xlfn.UNIQUE(tblCarga[Jogador])),ROW()-7)=0,"",INDEX(_xlfn._xlws.SORT(_xlfn.UNIQUE(tblCarga[Jogador])),ROW()-7)),"")} | C18: =IF(B18="","",IF(D18>=7,"🔴",IF(D18>=4,"🟡","🟢"))) | D18: =IF(B18="","",_xlfn.LET(_xlpm.acwr,G18,_xlpm.monot,H18,_xlpm.dias,I18,_xlpm.tend,F18,_xlpm.cong,T18,_xlpm.hooper,O18,_xlpm.rACWR,IF(_xlpm.acwr="—",0,IF(OR(_xlpm.acwr>1.5,_xlpm.acwr<0.6),3,IF(OR(_xlpm.acwr>1.3,_xlpm.acwr<0.8),2,IF(_xlpm.acwr<=1.1,0.5,0)))),_xlpm.rMonot,IF(_xlpm.monot>2.5,3,IF(_xlpm.monot>2,2,IF(_xlpm.monot>1.5,1,0))),_xlpm.rDias,IF(_xlpm.dias>14,3,IF(_xlpm.dias>7,2,IF(_xlpm.dias>5,1,0))),_xlpm.rTend,IF(AND(_xlpm.tend="↑",_xlpm.acwr>1.1),1,0),_xlpm.rCong,IF(AND(_xlpm.cong<>"—",_xlpm.cong<4),2,IF(AND(_xlpm.cong<>"—",_xlpm.cong<=5),1,0)),_xlpm.rHooper,IF(AND(_xlpm.hooper<>"—",_xlpm.hooper>=15),1,0),MIN(10,ROUND(_xlpm.rACWR+_xlpm.rMonot+_xlpm.rDias+_xlpm.rTend+_xlpm.rCong+_xlpm.rHooper,0)))) | E18: =IF(B18="","",IF(D18<4,"✅ Sem alertas",_xlfn.LET(_xlpm.acwr,G18,_xlpm.monot,H18,_xlpm.dias,I18,_xlpm.reasons,IF(AND(_xlpm.acwr<>"—",OR(_xlpm.acwr>1.3,_xlpm.acwr<0.8)),"ACWR "&ROUND(_xlpm.acwr,2),"")&IF(AND(_xlpm.monot>2,AND(_xlpm.acwr<>"—",OR(_xlpm.acwr>1.3,_xlpm.acwr<0.8)))," | ","")&IF(_xlpm.monot>2,"Monot "&ROUND(_xlpm.monot,1),"")&IF(AND(_xlpm.dias>7,OR(AND(_xlpm.acwr<>"—",OR(_xlpm.acwr>1.3,_xlpm.acwr<0.8)),_xlpm.monot>2))," | ","")&IF(_xlpm.dias>7,"Vmáx "&_xlpm.dias&"d",""),IF(LEN(_xlpm.reasons)>0,_xlpm.reasons,"Múltiplos fatores")))) | F18: {=IF(B18="","",IFERROR(_xlfn.LET(_xlpm.cur,J18,_xlpm.prev,SUMPRODUCT((tblCarga[Jogador]=B18)*(tblCarga[Microciclo (Nr)]=($H$1-1))*(tblCarga[Tipo]="Treino")*tblCarga[PSE Sessão]*tblCarga[Duração (min)]),_xlpm.delta,(_xlpm.cur-_xlpm.prev)/IF(_xlpm.prev=0,1,_xlpm.prev),IF(_xlpm.delta>0.1,"↑",IF(_xlpm.delta<-0.1,"↓","→"))),"—"))} | G18: =IF(B18="","",IFERROR(J18/AVERAGE(P18,Q18,R18),"—")) | H18: =IF(B18="","",IFERROR(INDEX(Monot_Strain!F$9:F$38,MATCH(B18,Monot_Strain!A$9:A$38,0)),0)) | I18: {=IF(B18="","",IFERROR(TODAY()-MAX(_xlfn._xlws.FILTER(tblCarga[Data],(tblCarga[Jogador]=B18)*(tblCarga[Nº ≥90% Vmáx]>0))),999))} | J18: {=IF(B18="","",SUMPRODUCT((tblCarga[Jogador]=B18)*(tblCarga[Microciclo (Nr)]=$H$1)*(tblCarga[Tipo]="Treino")*tblCarga[PSE Sessão]*tblCarga[Duração (min)]))} | K18: {=IF(B18="","",IFERROR(SUMPRODUCT((tblCarga[Jogador]=B18)*(tblCarga[Microciclo (Nr)]=$H$1)*(tblCarga[Tipo]="Jogo")*tblCarga[Duração (min)]),0))} | L18: {=IF(B18="","",IFERROR(_xlfn.LET(_xlpm.mcs,_xlfn._xlws.SORT(_xlfn.UNIQUE(_xlfn._xlws.FILTER(tblCarga[Microciclo (Nr)],(tblCarga[Jogador]=B18)*(tblCarga[Tipo]="Jogo"))),,,-1),_xlpm.curMC,$H$1,_xlpm.streak,0,IF(ROWS(_xlpm.mcs)=0,0,SUMPRODUCT(--(_xlpm.mcs>=_xlpm.curMC-ROWS(_xlpm.mcs)+1),--(_xlpm.mcs<=_xlpm.curMC)))),0))} | M18: =IF(B18="","",IF(D18>=7,"⚠️ Reduzir carga. Consultar staff médico.",IF(D18>=4,"🔍 Monitorizar. Ajustar volume se necessário.","✅ Manter plano de treino."))) | N18: =IF(B18="","",IF(S18>R18,"▲ "&ROUND(J18,0),IF(S18<R18,"▼ "&ROUND(J18,0),"→ "&ROUND(J18,0)))) | O18: {=IF(B18="","",IFERROR(INDEX(tblCarga[Hooper Index],MATCH(1,(tblCarga[Jogador]=B18)*(tblCarga[Data]=_xlfn.MAXIFS(tblCarga[Data],tblCarga[Jogador],B18,tblCarga[Hooper Index],">0")),0)),"—"))} | P18: {=IF(B18="","",SUMPRODUCT((tblCarga[Jogador]=B18)*(tblCarga[Microciclo (Nr)]=($H$1-3))*(tblCarga[Tipo]="Treino")*tblCarga[PSE Sessão]*tblCarga[Duração (min)]))} | Q18: {=IF(B18="","",SUMPRODUCT((tblCarga[Jogador]=B18)*(tblCarga[Microciclo (Nr)]=($H$1-2))*(tblCarga[Tipo]="Treino")*tblCarga[PSE Sessão]*tblCarga[Duração (min)]))} | R18: {=IF(B18="","",SUMPRODUCT((tblCarga[Jogador]=B18)*(tblCarga[Microciclo (Nr)]=($H$1-1))*(tblCarga[Tipo]="Treino")*tblCarga[PSE Sessão]*tblCarga[Duração (min)]))} | S18: =J18 | T18: =IF(B18="","",IFERROR(TODAY()-_xlfn.MAXIFS(tblCarga[Data],tblCarga[Jogador],B18,tblCarga[Tipo],"Jogo"),"—"))
A19: =IF(B19="","",ROW()-7) | B19: {=IFERROR(IF(INDEX(_xlfn._xlws.SORT(_xlfn.UNIQUE(tblCarga[Jogador])),ROW()-7)=0,"",INDEX(_xlfn._xlws.SORT(_xlfn.UNIQUE(tblCarga[Jogador])),ROW()-7)),"")} | C19: =IF(B19="","",IF(D19>=7,"🔴",IF(D19>=4,"🟡","🟢"))) | D19: =IF(B19="","",_xlfn.LET(_xlpm.acwr,G19,_xlpm.monot,H19,_xlpm.dias,I19,_xlpm.tend,F19,_xlpm.cong,T19,_xlpm.hooper,O19,_xlpm.rACWR,IF(_xlpm.acwr="—",0,IF(OR(_xlpm.acwr>1.5,_xlpm.acwr<0.6),3,IF(OR(_xlpm.acwr>1.3,_xlpm.acwr<0.8),2,IF(_xlpm.acwr<=1.1,0.5,0)))),_xlpm.rMonot,IF(_xlpm.monot>2.5,3,IF(_xlpm.monot>2,2,IF(_xlpm.monot>1.5,1,0))),_xlpm.rDias,IF(_xlpm.dias>14,3,IF(_xlpm.dias>7,2,IF(_xlpm.dias>5,1,0))),_xlpm.rTend,IF(AND(_xlpm.tend="↑",_xlpm.acwr>1.1),1,0),_xlpm.rCong,IF(AND(_xlpm.cong<>"—",_xlpm.cong<4),2,IF(AND(_xlpm.cong<>"—",_xlpm.cong<=5),1,0)),_xlpm.rHooper,IF(AND(_xlpm.hooper<>"—",_xlpm.hooper>=15),1,0),MIN(10,ROUND(_xlpm.rACWR+_xlpm.rMonot+_xlpm.rDias+_xlpm.rTend+_xlpm.rCong+_xlpm.rHooper,0)))) | E19: =IF(B19="","",IF(D19<4,"✅ Sem alertas",_xlfn.LET(_xlpm.acwr,G19,_xlpm.monot,H19,_xlpm.dias,I19,_xlpm.reasons,IF(AND(_xlpm.acwr<>"—",OR(_xlpm.acwr>1.3,_xlpm.acwr<0.8)),"ACWR "&ROUND(_xlpm.acwr,2),"")&IF(AND(_xlpm.monot>2,AND(_xlpm.acwr<>"—",OR(_xlpm.acwr>1.3,_xlpm.acwr<0.8)))," | ","")&IF(_xlpm.monot>2,"Monot "&ROUND(_xlpm.monot,1),"")&IF(AND(_xlpm.dias>7,OR(AND(_xlpm.acwr<>"—",OR(_xlpm.acwr>1.3,_xlpm.acwr<0.8)),_xlpm.monot>2))," | ","")&IF(_xlpm.dias>7,"Vmáx "&_xlpm.dias&"d",""),IF(LEN(_xlpm.reasons)>0,_xlpm.reasons,"Múltiplos fatores")))) | F19: {=IF(B19="","",IFERROR(_xlfn.LET(_xlpm.cur,J19,_xlpm.prev,SUMPRODUCT((tblCarga[Jogador]=B19)*(tblCarga[Microciclo (Nr)]=($H$1-1))*(tblCarga[Tipo]="Treino")*tblCarga[PSE Sessão]*tblCarga[Duração (min)]),_xlpm.delta,(_xlpm.cur-_xlpm.prev)/IF(_xlpm.prev=0,1,_xlpm.prev),IF(_xlpm.delta>0.1,"↑",IF(_xlpm.delta<-0.1,"↓","→"))),"—"))} | G19: =IF(B19="","",IFERROR(J19/AVERAGE(P19,Q19,R19),"—")) | H19: =IF(B19="","",IFERROR(INDEX(Monot_Strain!F$9:F$38,MATCH(B19,Monot_Strain!A$9:A$38,0)),0)) | I19: {=IF(B19="","",IFERROR(TODAY()-MAX(_xlfn._xlws.FILTER(tblCarga[Data],(tblCarga[Jogador]=B19)*(tblCarga[Nº ≥90% Vmáx]>0))),999))} | J19: {=IF(B19="","",SUMPRODUCT((tblCarga[Jogador]=B19)*(tblCarga[Microciclo (Nr)]=$H$1)*(tblCarga[Tipo]="Treino")*tblCarga[PSE Sessão]*tblCarga[Duração (min)]))} | K19: {=IF(B19="","",IFERROR(SUMPRODUCT((tblCarga[Jogador]=B19)*(tblCarga[Microciclo (Nr)]=$H$1)*(tblCarga[Tipo]="Jogo")*tblCarga[Duração (min)]),0))} | L19: {=IF(B19="","",IFERROR(_xlfn.LET(_xlpm.mcs,_xlfn._xlws.SORT(_xlfn.UNIQUE(_xlfn._xlws.FILTER(tblCarga[Microciclo (Nr)],(tblCarga[Jogador]=B19)*(tblCarga[Tipo]="Jogo"))),,,-1),_xlpm.curMC,$H$1,_xlpm.streak,0,IF(ROWS(_xlpm.mcs)=0,0,SUMPRODUCT(--(_xlpm.mcs>=_xlpm.curMC-ROWS(_xlpm.mcs)+1),--(_xlpm.mcs<=_xlpm.curMC)))),0))} | M19: =IF(B19="","",IF(D19>=7,"⚠️ Reduzir carga. Consultar staff médico.",IF(D19>=4,"🔍 Monitorizar. Ajustar volume se necessário.","✅ Manter plano de treino."))) | N19: =IF(B19="","",IF(S19>R19,"▲ "&ROUND(J19,0),IF(S19<R19,"▼ "&ROUND(J19,0),"→ "&ROUND(J19,0)))) | O19: {=IF(B19="","",IFERROR(INDEX(tblCarga[Hooper Index],MATCH(1,(tblCarga[Jogador]=B19)*(tblCarga[Data]=_xlfn.MAXIFS(tblCarga[Data],tblCarga[Jogador],B19,tblCarga[Hooper Index],">0")),0)),"—"))} | P19: {=IF(B19="","",SUMPRODUCT((tblCarga[Jogador]=B19)*(tblCarga[Microciclo (Nr)]=($H$1-3))*(tblCarga[Tipo]="Treino")*tblCarga[PSE Sessão]*tblCarga[Duração (min)]))} | Q19: {=IF(B19="","",SUMPRODUCT((tblCarga[Jogador]=B19)*(tblCarga[Microciclo (Nr)]=($H$1-2))*(tblCarga[Tipo]="Treino")*tblCarga[PSE Sessão]*tblCarga[Duração (min)]))} | R19: {=IF(B19="","",SUMPRODUCT((tblCarga[Jogador]=B19)*(tblCarga[Microciclo (Nr)]=($H$1-1))*(tblCarga[Tipo]="Treino")*tblCarga[PSE Sessão]*tblCarga[Duração (min)]))} | S19: =J19 | T19: =IF(B19="","",IFERROR(TODAY()-_xlfn.MAXIFS(tblCarga[Data],tblCarga[Jogador],B19,tblCarga[Tipo],"Jogo"),"—"))
A20: =IF(B20="","",ROW()-7) | B20: {=IFERROR(IF(INDEX(_xlfn._xlws.SORT(_xlfn.UNIQUE(tblCarga[Jogador])),ROW()-7)=0,"",INDEX(_xlfn._xlws.SORT(_xlfn.UNIQUE(tblCarga[Jogador])),ROW()-7)),"")} | C20: =IF(B20="","",IF(D20>=7,"🔴",IF(D20>=4,"🟡","🟢"))) | D20: =IF(B20="","",_xlfn.LET(_xlpm.acwr,G20,_xlpm.monot,H20,_xlpm.dias,I20,_xlpm.tend,F20,_xlpm.cong,T20,_xlpm.hooper,O20,_xlpm.rACWR,IF(_xlpm.acwr="—",0,IF(OR(_xlpm.acwr>1.5,_xlpm.acwr<0.6),3,IF(OR(_xlpm.acwr>1.3,_xlpm.acwr<0.8),2,IF(_xlpm.acwr<=1.1,0.5,0)))),_xlpm.rMonot,IF(_xlpm.monot>2.5,3,IF(_xlpm.monot>2,2,IF(_xlpm.monot>1.5,1,0))),_xlpm.rDias,IF(_xlpm.dias>14,3,IF(_xlpm.dias>7,2,IF(_xlpm.dias>5,1,0))),_xlpm.rTend,IF(AND(_xlpm.tend="↑",_xlpm.acwr>1.1),1,0),_xlpm.rCong,IF(AND(_xlpm.cong<>"—",_xlpm.cong<4),2,IF(AND(_xlpm.cong<>"—",_xlpm.cong<=5),1,0)),_xlpm.rHooper,IF(AND(_xlpm.hooper<>"—",_xlpm.hooper>=15),1,0),MIN(10,ROUND(_xlpm.rACWR+_xlpm.rMonot+_xlpm.rDias+_xlpm.rTend+_xlpm.rCong+_xlpm.rHooper,0)))) | E20: =IF(B20="","",IF(D20<4,"✅ Sem alertas",_xlfn.LET(_xlpm.acwr,G20,_xlpm.monot,H20,_xlpm.dias,I20,_xlpm.reasons,IF(AND(_xlpm.acwr<>"—",OR(_xlpm.acwr>1.3,_xlpm.acwr<0.8)),"ACWR "&ROUND(_xlpm.acwr,2),"")&IF(AND(_xlpm.monot>2,AND(_xlpm.acwr<>"—",OR(_xlpm.acwr>1.3,_xlpm.acwr<0.8)))," | ","")&IF(_xlpm.monot>2,"Monot "&ROUND(_xlpm.monot,1),"")&IF(AND(_xlpm.dias>7,OR(AND(_xlpm.acwr<>"—",OR(_xlpm.acwr>1.3,_xlpm.acwr<0.8)),_xlpm.monot>2))," | ","")&IF(_xlpm.dias>7,"Vmáx "&_xlpm.dias&"d",""),IF(LEN(_xlpm.reasons)>0,_xlpm.reasons,"Múltiplos fatores")))) | F20: {=IF(B20="","",IFERROR(_xlfn.LET(_xlpm.cur,J20,_xlpm.prev,SUMPRODUCT((tblCarga[Jogador]=B20)*(tblCarga[Microciclo (Nr)]=($H$1-1))*(tblCarga[Tipo]="Treino")*tblCarga[PSE Sessão]*tblCarga[Duração (min)]),_xlpm.delta,(_xlpm.cur-_xlpm.prev)/IF(_xlpm.prev=0,1,_xlpm.prev),IF(_xlpm.delta>0.1,"↑",IF(_xlpm.delta<-0.1,"↓","→"))),"—"))} | G20: =IF(B20="","",IFERROR(J20/AVERAGE(P20,Q20,R20),"—")) | H20: =IF(B20="","",IFERROR(INDEX(Monot_Strain!F$9:F$38,MATCH(B20,Monot_Strain!A$9:A$38,0)),0)) | I20: {=IF(B20="","",IFERROR(TODAY()-MAX(_xlfn._xlws.FILTER(tblCarga[Data],(tblCarga[Jogador]=B20)*(tblCarga[Nº ≥90% Vmáx]>0))),999))} | J20: {=IF(B20="","",SUMPRODUCT((tblCarga[Jogador]=B20)*(tblCarga[Microciclo (Nr)]=$H$1)*(tblCarga[Tipo]="Treino")*tblCarga[PSE Sessão]*tblCarga[Duração (min)]))} | K20: {=IF(B20="","",IFERROR(SUMPRODUCT((tblCarga[Jogador]=B20)*(tblCarga[Microciclo (Nr)]=$H$1)*(tblCarga[Tipo]="Jogo")*tblCarga[Duração (min)]),0))} | L20: {=IF(B20="","",IFERROR(_xlfn.LET(_xlpm.mcs,_xlfn._xlws.SORT(_xlfn.UNIQUE(_xlfn._xlws.FILTER(tblCarga[Microciclo (Nr)],(tblCarga[Jogador]=B20)*(tblCarga[Tipo]="Jogo"))),,,-1),_xlpm.curMC,$H$1,_xlpm.streak,0,IF(ROWS(_xlpm.mcs)=0,0,SUMPRODUCT(--(_xlpm.mcs>=_xlpm.curMC-ROWS(_xlpm.mcs)+1),--(_xlpm.mcs<=_xlpm.curMC)))),0))} | M20: =IF(B20="","",IF(D20>=7,"⚠️ Reduzir carga. Consultar staff médico.",IF(D20>=4,"🔍 Monitorizar. Ajustar volume se necessário.","✅ Manter plano de treino."))) | N20: =IF(B20="","",IF(S20>R20,"▲ "&ROUND(J20,0),IF(S20<R20,"▼ "&ROUND(J20,0),"→ "&ROUND(J20,0)))) | O20: {=IF(B20="","",IFERROR(INDEX(tblCarga[Hooper Index],MATCH(1,(tblCarga[Jogador]=B20)*(tblCarga[Data]=_xlfn.MAXIFS(tblCarga[Data],tblCarga[Jogador],B20,tblCarga[Hooper Index],">0")),0)),"—"))} | P20: {=IF(B20="","",SUMPRODUCT((tblCarga[Jogador]=B20)*(tblCarga[Microciclo (Nr)]=($H$1-3))*(tblCarga[Tipo]="Treino")*tblCarga[PSE Sessão]*tblCarga[Duração (min)]))} | Q20: {=IF(B20="","",SUMPRODUCT((tblCarga[Jogador]=B20)*(tblCarga[Microciclo (Nr)]=($H$1-2))*(tblCarga[Tipo]="Treino")*tblCarga[PSE Sessão]*tblCarga[Duração (min)]))} | R20: {=IF(B20="","",SUMPRODUCT((tblCarga[Jogador]=B20)*(tblCarga[Microciclo (Nr)]=($H$1-1))*(tblCarga[Tipo]="Treino")*tblCarga[PSE Sessão]*tblCarga[Duração (min)]))} | S20: =J20 | T20: =IF(B20="","",IFERROR(TODAY()-_xlfn.MAXIFS(tblCarga[Data],tblCarga[Jogador],B20,tblCarga[Tipo],"Jogo"),"—"))
A21: =IF(B21="","",ROW()-7) | B21: {=IFERROR(IF(INDEX(_xlfn._xlws.SORT(_xlfn.UNIQUE(tblCarga[Jogador])),ROW()-7)=0,"",INDEX(_xlfn._xlws.SORT(_xlfn.UNIQUE(tblCarga[Jogador])),ROW()-7)),"")} | C21: =IF(B21="","",IF(D21>=7,"🔴",IF(D21>=4,"🟡","🟢"))) | D21: =IF(B21="","",_xlfn.LET(_xlpm.acwr,G21,_xlpm.monot,H21,_xlpm.dias,I21,_xlpm.tend,F21,_xlpm.cong,T21,_xlpm.hooper,O21,_xlpm.rACWR,IF(_xlpm.acwr="—",0,IF(OR(_xlpm.acwr>1.5,_xlpm.acwr<0.6),3,IF(OR(_xlpm.acwr>1.3,_xlpm.acwr<0.8),2,IF(_xlpm.acwr<=1.1,0.5,0)))),_xlpm.rMonot,IF(_xlpm.monot>2.5,3,IF(_xlpm.monot>2,2,IF(_xlpm.monot>1.5,1,0))),_xlpm.rDias,IF(_xlpm.dias>14,3,IF(_xlpm.dias>7,2,IF(_xlpm.dias>5,1,0))),_xlpm.rTend,IF(AND(_xlpm.tend="↑",_xlpm.acwr>1.1),1,0),_xlpm.rCong,IF(AND(_xlpm.cong<>"—",_xlpm.cong<4),2,IF(AND(_xlpm.cong<>"—",_xlpm.cong<=5),1,0)),_xlpm.rHooper,IF(AND(_xlpm.hooper<>"—",_xlpm.hooper>=15),1,0),MIN(10,ROUND(_xlpm.rACWR+_xlpm.rMonot+_xlpm.rDias+_xlpm.rTend+_xlpm.rCong+_xlpm.rHooper,0)))) | E21: =IF(B21="","",IF(D21<4,"✅ Sem alertas",_xlfn.LET(_xlpm.acwr,G21,_xlpm.monot,H21,_xlpm.dias,I21,_xlpm.reasons,IF(AND(_xlpm.acwr<>"—",OR(_xlpm.acwr>1.3,_xlpm.acwr<0.8)),"ACWR "&ROUND(_xlpm.acwr,2),"")&IF(AND(_xlpm.monot>2,AND(_xlpm.acwr<>"—",OR(_xlpm.acwr>1.3,_xlpm.acwr<0.8)))," | ","")&IF(_xlpm.monot>2,"Monot "&ROUND(_xlpm.monot,1),"")&IF(AND(_xlpm.dias>7,OR(AND(_xlpm.acwr<>"—",OR(_xlpm.acwr>1.3,_xlpm.acwr<0.8)),_xlpm.monot>2))," | ","")&IF(_xlpm.dias>7,"Vmáx "&_xlpm.dias&"d",""),IF(LEN(_xlpm.reasons)>0,_xlpm.reasons,"Múltiplos fatores")))) | F21: {=IF(B21="","",IFERROR(_xlfn.LET(_xlpm.cur,J21,_xlpm.prev,SUMPRODUCT((tblCarga[Jogador]=B21)*(tblCarga[Microciclo (Nr)]=($H$1-1))*(tblCarga[Tipo]="Treino")*tblCarga[PSE Sessão]*tblCarga[Duração (min)]),_xlpm.delta,(_xlpm.cur-_xlpm.prev)/IF(_xlpm.prev=0,1,_xlpm.prev),IF(_xlpm.delta>0.1,"↑",IF(_xlpm.delta<-0.1,"↓","→"))),"—"))} | G21: =IF(B21="","",IFERROR(J21/AVERAGE(P21,Q21,R21),"—")) | H21: =IF(B21="","",IFERROR(INDEX(Monot_Strain!F$9:F$38,MATCH(B21,Monot_Strain!A$9:A$38,0)),0)) | I21: {=IF(B21="","",IFERROR(TODAY()-MAX(_xlfn._xlws.FILTER(tblCarga[Data],(tblCarga[Jogador]=B21)*(tblCarga[Nº ≥90% Vmáx]>0))),999))} | J21: {=IF(B21="","",SUMPRODUCT((tblCarga[Jogador]=B21)*(tblCarga[Microciclo (Nr)]=$H$1)*(tblCarga[Tipo]="Treino")*tblCarga[PSE Sessão]*tblCarga[Duração (min)]))} | K21: {=IF(B21="","",IFERROR(SUMPRODUCT((tblCarga[Jogador]=B21)*(tblCarga[Microciclo (Nr)]=$H$1)*(tblCarga[Tipo]="Jogo")*tblCarga[Duração (min)]),0))} | L21: {=IF(B21="","",IFERROR(_xlfn.LET(_xlpm.mcs,_xlfn._xlws.SORT(_xlfn.UNIQUE(_xlfn._xlws.FILTER(tblCarga[Microciclo (Nr)],(tblCarga[Jogador]=B21)*(tblCarga[Tipo]="Jogo"))),,,-1),_xlpm.curMC,$H$1,_xlpm.streak,0,IF(ROWS(_xlpm.mcs)=0,0,SUMPRODUCT(--(_xlpm.mcs>=_xlpm.curMC-ROWS(_xlpm.mcs)+1),--(_xlpm.mcs<=_xlpm.curMC)))),0))} | M21: =IF(B21="","",IF(D21>=7,"⚠️ Reduzir carga. Consultar staff médico.",IF(D21>=4,"🔍 Monitorizar. Ajustar volume se necessário.","✅ Manter plano de treino."))) | N21: =IF(B21="","",IF(S21>R21,"▲ "&ROUND(J21,0),IF(S21<R21,"▼ "&ROUND(J21,0),"→ "&ROUND(J21,0)))) | O21: {=IF(B21="","",IFERROR(INDEX(tblCarga[Hooper Index],MATCH(1,(tblCarga[Jogador]=B21)*(tblCarga[Data]=_xlfn.MAXIFS(tblCarga[Data],tblCarga[Jogador],B21,tblCarga[Hooper Index],">0")),0)),"—"))} | P21: {=IF(B21="","",SUMPRODUCT((tblCarga[Jogador]=B21)*(tblCarga[Microciclo (Nr)]=($H$1-3))*(tblCarga[Tipo]="Treino")*tblCarga[PSE Sessão]*tblCarga[Duração (min)]))} | Q21: {=IF(B21="","",SUMPRODUCT((tblCarga[Jogador]=B21)*(tblCarga[Microciclo (Nr)]=($H$1-2))*(tblCarga[Tipo]="Treino")*tblCarga[PSE Sessão]*tblCarga[Duração (min)]))} | R21: {=IF(B21="","",SUMPRODUCT((tblCarga[Jogador]=B21)*(tblCarga[Microciclo (Nr)]=($H$1-1))*(tblCarga[Tipo]="Treino")*tblCarga[PSE Sessão]*tblCarga[Duração (min)]))} | S21: =J21 | T21: =IF(B21="","",IFERROR(TODAY()-_xlfn.MAXIFS(tblCarga[Data],tblCarga[Jogador],B21,tblCarga[Tipo],"Jogo"),"—"))
A22: =IF(B22="","",ROW()-7) | B22: {=IFERROR(IF(INDEX(_xlfn._xlws.SORT(_xlfn.UNIQUE(tblCarga[Jogador])),ROW()-7)=0,"",INDEX(_xlfn._xlws.SORT(_xlfn.UNIQUE(tblCarga[Jogador])),ROW()-7)),"")} | C22: =IF(B22="","",IF(D22>=7,"🔴",IF(D22>=4,"🟡","🟢"))) | D22: =IF(B22="","",_xlfn.LET(_xlpm.acwr,G22,_xlpm.monot,H22,_xlpm.dias,I22,_xlpm.tend,F22,_xlpm.cong,T22,_xlpm.hooper,O22,_xlpm.rACWR,IF(_xlpm.acwr="—",0,IF(OR(_xlpm.acwr>1.5,_xlpm.acwr<0.6),3,IF(OR(_xlpm.acwr>1.3,_xlpm.acwr<0.8),2,IF(_xlpm.acwr<=1.1,0.5,0)))),_xlpm.rMonot,IF(_xlpm.monot>2.5,3,IF(_xlpm.monot>2,2,IF(_xlpm.monot>1.5,1,0))),_xlpm.rDias,IF(_xlpm.dias>14,3,IF(_xlpm.dias>7,2,IF(_xlpm.dias>5,1,0))),_xlpm.rTend,IF(AND(_xlpm.tend="↑",_xlpm.acwr>1.1),1,0),_xlpm.rCong,IF(AND(_xlpm.cong<>"—",_xlpm.cong<4),2,IF(AND(_xlpm.cong<>"—",_xlpm.cong<=5),1,0)),_xlpm.rHooper,IF(AND(_xlpm.hooper<>"—",_xlpm.hooper>=15),1,0),MIN(10,ROUND(_xlpm.rACWR+_xlpm.rMonot+_xlpm.rDias+_xlpm.rTend+_xlpm.rCong+_xlpm.rHooper,0)))) | E22: =IF(B22="","",IF(D22<4,"✅ Sem alertas",_xlfn.LET(_xlpm.acwr,G22,_xlpm.monot,H22,_xlpm.dias,I22,_xlpm.reasons,IF(AND(_xlpm.acwr<>"—",OR(_xlpm.acwr>1.3,_xlpm.acwr<0.8)),"ACWR "&ROUND(_xlpm.acwr,2),"")&IF(AND(_xlpm.monot>2,AND(_xlpm.acwr<>"—",OR(_xlpm.acwr>1.3,_xlpm.acwr<0.8)))," | ","")&IF(_xlpm.monot>2,"Monot "&ROUND(_xlpm.monot,1),"")&IF(AND(_xlpm.dias>7,OR(AND(_xlpm.acwr<>"—",OR(_xlpm.acwr>1.3,_xlpm.acwr<0.8)),_xlpm.monot>2))," | ","")&IF(_xlpm.dias>7,"Vmáx "&_xlpm.dias&"d",""),IF(LEN(_xlpm.reasons)>0,_xlpm.reasons,"Múltiplos fatores")))) | F22: {=IF(B22="","",IFERROR(_xlfn.LET(_xlpm.cur,J22,_xlpm.prev,SUMPRODUCT((tblCarga[Jogador]=B22)*(tblCarga[Microciclo (Nr)]=($H$1-1))*(tblCarga[Tipo]="Treino")*tblCarga[PSE Sessão]*tblCarga[Duração (min)]),_xlpm.delta,(_xlpm.cur-_xlpm.prev)/IF(_xlpm.prev=0,1,_xlpm.prev),IF(_xlpm.delta>0.1,"↑",IF(_xlpm.delta<-0.1,"↓","→"))),"—"))} | G22: =IF(B22="","",IFERROR(J22/AVERAGE(P22,Q22,R22),"—")) | H22: =IF(B22="","",IFERROR(INDEX(Monot_Strain!F$9:F$38,MATCH(B22,Monot_Strain!A$9:A$38,0)),0)) | I22: {=IF(B22="","",IFERROR(TODAY()-MAX(_xlfn._xlws.FILTER(tblCarga[Data],(tblCarga[Jogador]=B22)*(tblCarga[Nº ≥90% Vmáx]>0))),999))} | J22: {=IF(B22="","",SUMPRODUCT((tblCarga[Jogador]=B22)*(tblCarga[Microciclo (Nr)]=$H$1)*(tblCarga[Tipo]="Treino")*tblCarga[PSE Sessão]*tblCarga[Duração (min)]))} | K22: {=IF(B22="","",IFERROR(SUMPRODUCT((tblCarga[Jogador]=B22)*(tblCarga[Microciclo (Nr)]=$H$1)*(tblCarga[Tipo]="Jogo")*tblCarga[Duração (min)]),0))} | L22: {=IF(B22="","",IFERROR(_xlfn.LET(_xlpm.mcs,_xlfn._xlws.SORT(_xlfn.UNIQUE(_xlfn._xlws.FILTER(tblCarga[Microciclo (Nr)],(tblCarga[Jogador]=B22)*(tblCarga[Tipo]="Jogo"))),,,-1),_xlpm.curMC,$H$1,_xlpm.streak,0,IF(ROWS(_xlpm.mcs)=0,0,SUMPRODUCT(--(_xlpm.mcs>=_xlpm.curMC-ROWS(_xlpm.mcs)+1),--(_xlpm.mcs<=_xlpm.curMC)))),0))} | M22: =IF(B22="","",IF(D22>=7,"⚠️ Reduzir carga. Consultar staff médico.",IF(D22>=4,"🔍 Monitorizar. Ajustar volume se necessário.","✅ Manter plano de treino."))) | N22: =IF(B22="","",IF(S22>R22,"▲ "&ROUND(J22,0),IF(S22<R22,"▼ "&ROUND(J22,0),"→ "&ROUND(J22,0)))) | O22: {=IF(B22="","",IFERROR(INDEX(tblCarga[Hooper Index],MATCH(1,(tblCarga[Jogador]=B22)*(tblCarga[Data]=_xlfn.MAXIFS(tblCarga[Data],tblCarga[Jogador],B22,tblCarga[Hooper Index],">0")),0)),"—"))} | P22: {=IF(B22="","",SUMPRODUCT((tblCarga[Jogador]=B22)*(tblCarga[Microciclo (Nr)]=($H$1-3))*(tblCarga[Tipo]="Treino")*tblCarga[PSE Sessão]*tblCarga[Duração (min)]))} | Q22: {=IF(B22="","",SUMPRODUCT((tblCarga[Jogador]=B22)*(tblCarga[Microciclo (Nr)]=($H$1-2))*(tblCarga[Tipo]="Treino")*tblCarga[PSE Sessão]*tblCarga[Duração (min)]))} | R22: {=IF(B22="","",SUMPRODUCT((tblCarga[Jogador]=B22)*(tblCarga[Microciclo (Nr)]=($H$1-1))*(tblCarga[Tipo]="Treino")*tblCarga[PSE Sessão]*tblCarga[Duração (min)]))} | S22: =J22 | T22: =IF(B22="","",IFERROR(TODAY()-_xlfn.MAXIFS(tblCarga[Data],tblCarga[Jogador],B22,tblCarga[Tipo],"Jogo"),"—"))
... A37: =IF(B37="","",ROW()-7) | B37: {=IFERROR(IF(INDEX(_xlfn._xlws.SORT(_xlfn.UNIQUE(tblCarga[Jogador])),ROW()-7)=0,"",INDEX(_xlfn._xlws.SORT(_xlfn.UNIQUE(tblCarga[Jogador])),ROW()-7)),"")} | C37: =IF(B37="","",IF(D37>=7,"🔴",IF(D37>=4,"🟡","🟢"))) | D37: =IF(B37="","",_xlfn.LET(_xlpm.acwr,G37,_xlpm.monot,H37,_xlpm.dias,I37,_xlpm.tend,F37,_xlpm.cong,T37,_xlpm.hooper,O37,_xlpm.rACWR,IF(_xlpm.acwr="—",0,IF(OR(_xlpm.acwr>1.5,_xlpm.acwr<0.6),3,IF(OR(_xlpm.acwr>1.3,_xlpm.acwr<0.8),2,IF(_xlpm.acwr<=1.1,0.5,0)))),_xlpm.rMonot,IF(_xlpm.monot>2.5,3,IF(_xlpm.monot>2,2,IF(_xlpm.monot>1.5,1,0))),_xlpm.rDias,IF(_xlpm.dias>14,3,IF(_xlpm.dias>7,2,IF(_xlpm.dias>5,1,0))),_xlpm.rTend,IF(AND(_xlpm.tend="↑",_xlpm.acwr>1.1),1,0),_xlpm.rCong,IF(AND(_xlpm.cong<>"—",_xlpm.cong<4),2,IF(AND(_xlpm.cong<>"—",_xlpm.cong<=5),1,0)),_xlpm.rHooper,IF(AND(_xlpm.hooper<>"—",_xlpm.hooper>=15),1,0),MIN(10,ROUND(_xlpm.rACWR+_xlpm.rMonot+_xlpm.rDias+_xlpm.rTend+_xlpm.rCong+_xlpm.rHooper,0)))) | E37: =IF(B37="","",IF(D37<4,"✅ Sem alertas",_xlfn.LET(_xlpm.acwr,G37,_xlpm.monot,H37,_xlpm.dias,I37,_xlpm.reasons,IF(AND(_xlpm.acwr<>"—",OR(_xlpm.acwr>1.3,_xlpm.acwr<0.8)),"ACWR "&ROUND(_xlpm.acwr,2),"")&IF(AND(_xlpm.monot>2,AND(_xlpm.acwr<>"—",OR(_xlpm.acwr>1.3,_xlpm.acwr<0.8)))," | ","")&IF(_xlpm.monot>2,"Monot "&ROUND(_xlpm.monot,1),"")&IF(AND(_xlpm.dias>7,OR(AND(_xlpm.acwr<>"—",OR(_xlpm.acwr>1.3,_xlpm.acwr<0.8)),_xlpm.monot>2))," | ","")&IF(_xlpm.dias>7,"Vmáx "&_xlpm.dias&"d",""),IF(LEN(_xlpm.reasons)>0,_xlpm.reasons,"Múltiplos fatores")))) | F37: {=IF(B37="","",IFERROR(_xlfn.LET(_xlpm.cur,J37,_xlpm.prev,SUMPRODUCT((tblCarga[Jogador]=B37)*(tblCarga[Microciclo (Nr)]=($H$1-1))*(tblCarga[Tipo]="Treino")*tblCarga[PSE Sessão]*tblCarga[Duração (min)]),_xlpm.delta,(_xlpm.cur-_xlpm.prev)/IF(_xlpm.prev=0,1,_xlpm.prev),IF(_xlpm.delta>0.1,"↑",IF(_xlpm.delta<-0.1,"↓","→"))),"—"))} | G37: =IF(B37="","",IFERROR(J37/AVERAGE(P37,Q37,R37),"—")) | H37: =IF(B37="","",IFERROR(INDEX(Monot_Strain!F$9:F$38,MATCH(B37,Monot_Strain!A$9:A$38,0)),0)) | I37: {=IF(B37="","",IFERROR(TODAY()-MAX(_xlfn._xlws.FILTER(tblCarga[Data],(tblCarga[Jogador]=B37)*(tblCarga[Nº ≥90% Vmáx]>0))),999))} | J37: {=IF(B37="","",SUMPRODUCT((tblCarga[Jogador]=B37)*(tblCarga[Microciclo (Nr)]=$H$1)*(tblCarga[Tipo]="Treino")*tblCarga[PSE Sessão]*tblCarga[Duração (min)]))} | K37: {=IF(B37="","",IFERROR(SUMPRODUCT((tblCarga[Jogador]=B37)*(tblCarga[Microciclo (Nr)]=$H$1)*(tblCarga[Tipo]="Jogo")*tblCarga[Duração (min)]),0))} | L37: {=IF(B37="","",IFERROR(_xlfn.LET(_xlpm.mcs,_xlfn._xlws.SORT(_xlfn.UNIQUE(_xlfn._xlws.FILTER(tblCarga[Microciclo (Nr)],(tblCarga[Jogador]=B37)*(tblCarga[Tipo]="Jogo"))),,,-1),_xlpm.curMC,$H$1,_xlpm.streak,0,IF(ROWS(_xlpm.mcs)=0,0,SUMPRODUCT(--(_xlpm.mcs>=_xlpm.curMC-ROWS(_xlpm.mcs)+1),--(_xlpm.mcs<=_xlpm.curMC)))),0))} | M37: =IF(B37="","",IF(D37>=7,"⚠️ Reduzir carga. Consultar staff médico.",IF(D37>=4,"🔍 Monitorizar. Ajustar volume se necessário.","✅ Manter plano de treino."))) | N37: =IF(B37="","",IF(S37>R37,"▲ "&ROUND(J37,0),IF(S37<R37,"▼ "&ROUND(J37,0),"→ "&ROUND(J37,0)))) | O37: {=IF(B37="","",IFERROR(INDEX(tblCarga[Hooper Index],MATCH(1,(tblCarga[Jogador]=B37)*(tblCarga[Data]=_xlfn.MAXIFS(tblCarga[Data],tblCarga[Jogador],B37,tblCarga[Hooper Index],">0")),0)),"—"))} | P37: {=IF(B37="","",SUMPRODUCT((tblCarga[Jogador]=B37)*(tblCarga[Microciclo (Nr)]=($H$1-3))*(tblCarga[Tipo]="Treino")*tblCarga[PSE Sessão]*tblCarga[Duração (min)]))} | Q37: {=IF(B37="","",SUMPRODUCT((tblCarga[Jogador]=B37)*(tblCarga[Microciclo (Nr)]=($H$1-2))*(tblCarga[Tipo]="Treino")*tblCarga[PSE Sessão]*tblCarga[Duração (min)]))} | R37: {=IF(B37="","",SUMPRODUCT((tblCarga[Jogador]=B37)*(tblCarga[Microciclo (Nr)]=($H$1-1))*(tblCarga[Tipo]="Treino")*tblCarga[PSE Sessão]*tblCarga[Duração (min)]))} | S37: =J37 | T37: =IF(B37="","",IFERROR(TODAY()-_xlfn.MAXIFS(tblCarga[Data],tblCarga[Jogador],B37,tblCarga[Tipo],"Jogo"),"—"))
A39: 📊 RESUMO DE EQUIPA | MC atual
A41: Métrica | B41: Valor | C41: Estado
A42: 🟢 Jogadores OK (Risco <4) | B42: =COUNTIF(D8:D37,"<4") | C42: =IFERROR(ROUND(B42/COUNTA(B8:B37)*100,0)&"%","—")
A43: 🟡 Monitorizar (Risco 4-6) | B43: =COUNTIFS(D8:D37,">=4",D8:D37,"<7") | C43: =IFERROR(ROUND(B43/COUNTA(B8:B37)*100,0)&"%","—")
A44: 🔴 Alerta Alto (Risco ≥7) | B44: =COUNTIF(D8:D37,">=7") | C44: =IFERROR(ROUND(B44/COUNTA(B8:B37)*100,0)&"%","—")
A46: Risco Médio Equipa | B46: {=IFERROR(ROUND(AVERAGE(IF(D8:D37<>"",D8:D37)),1),"—")}
A47: ACWR Médio Equipa | B47: {=IFERROR(ROUND(AVERAGE(IF(G8:G37<>"—",IF(G8:G37<>"",G8:G37))),2),"—")}
A48: CI Média Semanal | B48: {=IFERROR(ROUND(AVERAGE(IF(J8:J37<>"",IF(J8:J37<>0,J8:J37))),0),"—")}
A49: Monotonia Média | B49: {=IFERROR(ROUND(AVERAGE(IF(H8:H37<>"",IF(H8:H37<>0,H8:H37))),1),"—")}

Sheet ACWR_EWMA
A1: 📊 ACWR — RÁCIO AGUDO:CRÓNICO (EWMA) | Carga Externa + Interna | Belenenses | AH1: _Jogadores | AI1: _Posições
A2: EWMA: λ_agudo = 2/(7+1) = 0.25 · λ_crónico = 2/(28+1) ≈ 0.069 · Semáforo: 🟢 0.8–1.3 | 🟡 1.3–1.5 ou <0.8 | 🔴 >1.5 | AH2: {=_xlfn._xlws.SORT(_xlfn.UNIQUE(tblCarga[Jogador]))} | AI2: {=_xlfn._xlws.SORT(_xlfn.UNIQUE(tblCarga[Posição]))}
D3: ZONAS ACWR: | E3: 🟢 0.80 – 1.30 | F3: 🟡 1.30 – 1.50 ou < 0.80 | G3: 🔴 > 1.50 | H3: ÚLTIMO ACWR: | I3: Dist | J3: HSR | K3: Sprint | L3: CI | AH3: Capitulo | AI3: Lateral
A4: ⚙️ PARÂMETROS | I4: {=IFERROR(LOOKUP(2,1/(O9:O208<>""),O9:O208),"—")} | J4: {=IFERROR(LOOKUP(2,1/(R9:R208<>""),R9:R208),"—")} | K4: {=IFERROR(LOOKUP(2,1/(U9:U208<>""),U9:U208),"—")} | L4: {=IFERROR(LOOKUP(2,1/(AD9:AD208<>""),AD9:AD208),"—")} | AH4: Edu | AI4: Médio | AJ4: 💡 Dica: Se o ficheiro estiver lento,
A5: Jogador: | B5: Paulino | D5: λ aguda = 2/(7+1) = 0.25 | F5: λ crónica = 2/(28+1) ≈ 0.069 | AH5: Enzo Hugo | AJ5: usa Cálculo Manual (Fórmulas → Cálculo → Manual)
AH6: Gomes
A7: A — CARGA DIÁRIA POR SESSÃO | Jogador selecionado em B5 | AH7: Nogueira
A8: Data | B8: Tipo | C8: Dia MC | D8: MC | E8: Duração | F8: Dist Total | G8: HSR | H8: Sprint | I8: Acc | J8: Dcc | K8: PSE | L8: Carga Interna | M8: EWMA Ag. Dist | N8: EWMA Cr. Dist | O8: ACWR Dist | P8: EWMA Ag. HSR | Q8: EWMA Cr. HSR | R8: ACWR HSR | S8: EWMA Ag. Sprint | T8: EWMA Cr. Sprint | U8: ACWR Sprint | V8: EWMA Ag. Acc | W8: EWMA Cr. Acc | X8: ACWR Acc | Y8: EWMA Ag. Dcc | Z8: EWMA Cr. Dcc | AA8: ACWR Dcc | AB8: EWMA Ag. CI | AC8: EWMA Cr. CI | AD8: ACWR CI | AE8: Alerta | AH8: Paulino
A9: {=_xlfn.SORTBY(_xlfn._xlws.FILTER(tblCarga[Data],tblCarga[Jogador]=$B$5),_xlfn._xlws.FILTER(tblCarga[Data],tblCarga[Jogador]=$B$5),1)} | B9: {=_xlfn.SORTBY(_xlfn._xlws.FILTER(tblCarga[Tipo],tblCarga[Jogador]=$B$5),_xlfn._xlws.FILTER(tblCarga[Data],tblCarga[Jogador]=$B$5),1)} | C9: {=_xlfn.SORTBY(_xlfn._xlws.FILTER(tblCarga[Dia MD],tblCarga[Jogador]=$B$5),_xlfn._xlws.FILTER(tblCarga[Data],tblCarga[Jogador]=$B$5),1)} | D9: {=_xlfn.SORTBY(_xlfn._xlws.FILTER(tblCarga[Microciclo (Nr)],tblCarga[Jogador]=$B$5),_xlfn._xlws.FILTER(tblCarga[Data],tblCarga[Jogador]=$B$5),1)} | E9: {=_xlfn.SORTBY(_xlfn._xlws.FILTER(tblCarga[Duração (min)],tblCarga[Jogador]=$B$5),_xlfn._xlws.FILTER(tblCarga[Data],tblCarga[Jogador]=$B$5),1)} | F9: {=_xlfn.SORTBY(_xlfn._xlws.FILTER(tblCarga[Distância Total (m)],tblCarga[Jogador]=$B$5),_xlfn._xlws.FILTER(tblCarga[Data],tblCarga[Jogador]=$B$5),1)} | G9: {=_xlfn.SORTBY(_xlfn._xlws.FILTER(tblCarga[HSR (m)],tblCarga[Jogador]=$B$5),_xlfn._xlws.FILTER(tblCarga[Data],tblCarga[Jogador]=$B$5),1)} | H9: {=_xlfn.SORTBY(_xlfn._xlws.FILTER(tblCarga[Sprint (m)],tblCarga[Jogador]=$B$5),_xlfn._xlws.FILTER(tblCarga[Data],tblCarga[Jogador]=$B$5),1)} | I9: {=_xlfn.SORTBY(_xlfn._xlws.FILTER(tblCarga[Acc (n)],tblCarga[Jogador]=$B$5),_xlfn._xlws.FILTER(tblCarga[Data],tblCarga[Jogador]=$B$5),1)} | J9: {=_xlfn.SORTBY(_xlfn._xlws.FILTER(tblCarga[Dcc (n)],tblCarga[Jogador]=$B$5),_xlfn._xlws.FILTER(tblCarga[Data],tblCarga[Jogador]=$B$5),1)} | K9: {=_xlfn.SORTBY(_xlfn._xlws.FILTER(tblCarga[PSE Sessão],tblCarga[Jogador]=$B$5),_xlfn._xlws.FILTER(tblCarga[Data],tblCarga[Jogador]=$B$5),1)} | L9: =IF(K9="","",K9*E9) | M9: =IF(F9="","",F9) | N9: =IF(F9="","",F9) | O9: =IF(OR(N9="",N9=0),"",M9/N9) | P9: =IF(G9="","",G9) | Q9: =IF(G9="","",G9) | R9: =IF(OR(Q9="",Q9=0),"",P9/Q9) | S9: =IF(H9="","",H9) | T9: =IF(H9="","",H9) | U9: =IF(OR(T9="",T9=0),"",S9/T9) | V9: =IF(I9="","",I9) | W9: =IF(I9="","",I9) | X9: =IF(OR(W9="",W9=0),"",V9/W9) | Y9: =IF(J9="","",J9) | Z9: =IF(J9="","",J9) | AA9: =IF(OR(Z9="",Z9=0),"",Y9/Z9) | AB9: =IF(L9="","",L9) | AC9: =IF(L9="","",L9) | AD9: =IF(OR(AC9="",AC9=0),"",AB9/AC9) | AE9: =IF(OR(O9="",R9="",U9="",AD9=""),"",IF(OR(O9>1.5,R9>1.5,U9>1.5,AD9>1.5),"🔴 ALTO",IF(OR(O9>1.3,R9>1.3,U9>1.3,AD9>1.3,O9<0.8,R9<0.8,U9<0.8,AD9<0.8),"🟡 ATENÇÃO","🟢 OK"))) | AH9: Sá
A10: 46042 | B10: Treino | C10: MD-4 | D10: 4 | E10: 85 | F10: 9033 | G10: 272 | H10: 74 | I10: 70 | J10: 66 | K10: 6 | L10: =IF(K10="","",K10*E10) | M10: =IF(F10="","",0.25*F10+0.75*M9) | N10: =IF(F10="","",(2/29)*F10+(27/29)*N9) | O10: =IF(OR(N10="",N10=0),"",M10/N10) | P10: =IF(G10="","",0.25*G10+0.75*P9) | Q10: =IF(G10="","",(2/29)*G10+(27/29)*Q9) | R10: =IF(OR(Q10="",Q10=0),"",P10/Q10) | S10: =IF(H10="","",0.25*H10+0.75*S9) | T10: =IF(H10="","",(2/29)*H10+(27/29)*T9) | U10: =IF(OR(T10="",T10=0),"",S10/T10) | V10: =IF(I10="","",0.25*I10+0.75*V9) | W10: =IF(I10="","",(2/29)*I10+(27/29)*W9) | X10: =IF(OR(W10="",W10=0),"",V10/W10) | Y10: =IF(J10="","",0.25*J10+0.75*Y9) | Z10: =IF(J10="","",(2/29)*J10+(27/29)*Z9) | AA10: =IF(OR(Z10="",Z10=0),"",Y10/Z10) | AB10: =IF(L10="","",0.25*L10+0.75*AB9) | AC10: =IF(L10="","",(2/29)*L10+(27/29)*AC9) | AD10: =IF(OR(AC10="",AC10=0),"",AB10/AC10) | AE10: =IF(OR(O10="",R10="",U10="",AD10=""),"",IF(OR(O10>1.5,R10>1.5,U10>1.5,AD10>1.5),"🔴 ALTO",IF(OR(O10>1.3,R10>1.3,U10>1.3,AD10>1.3,O10<0.8,R10<0.8,U10<0.8,AD10<0.8),"🟡 ATENÇÃO","🟢 OK"))) | AH10: Varela
A11: 46043 | B11: Treino | C11: MD-3 | D11: 4 | E11: 78 | F11: 6486 | G11: 305 | H11: 96 | I11: 91 | J11: 72 | K11: 5 | L11: =IF(K11="","",K11*E11) | M11: =IF(F11="","",0.25*F11+0.75*M10) | N11: =IF(F11="","",(2/29)*F11+(27/29)*N10) | O11: =IF(OR(N11="",N11=0),"",M11/N11) | P11: =IF(G11="","",0.25*G11+0.75*P10) | Q11: =IF(G11="","",(2/29)*G11+(27/29)*Q10) | R11: =IF(OR(Q11="",Q11=0),"",P11/Q11) | S11: =IF(H11="","",0.25*H11+0.75*S10) | T11: =IF(H11="","",(2/29)*H11+(27/29)*T10) | U11: =IF(OR(T11="",T11=0),"",S11/T11) | V11: =IF(I11="","",0.25*I11+0.75*V10) | W11: =IF(I11="","",(2/29)*I11+(27/29)*W10) | X11: =IF(OR(W11="",W11=0),"",V11/W11) | Y11: =IF(J11="","",0.25*J11+0.75*Y10) | Z11: =IF(J11="","",(2/29)*J11+(27/29)*Z10) | AA11: =IF(OR(Z11="",Z11=0),"",Y11/Z11) | AB11: =IF(L11="","",0.25*L11+0.75*AB10) | AC11: =IF(L11="","",(2/29)*L11+(27/29)*AC10) | AD11: =IF(OR(AC11="",AC11=0),"",AB11/AC11) | AE11: =IF(OR(O11="",R11="",U11="",AD11=""),"",IF(OR(O11>1.5,R11>1.5,U11>1.5,AD11>1.5),"🔴 ALTO",IF(OR(O11>1.3,R11>1.3,U11>1.3,AD11>1.3,O11<0.8,R11<0.8,U11<0.8,AD11<0.8),"🟡 ATENÇÃO","🟢 OK")))
A12: 46045 | B12: Treino | C12: MD-2 | D12: 4 | E12: 88 | F12: 6690 | G12: 265 | H12: 136 | I12: 76 | J12: 72 | K12: 6 | L12: =IF(K12="","",K12*E12) | M12: =IF(F12="","",0.25*F12+0.75*M11) | N12: =IF(F12="","",(2/29)*F12+(27/29)*N11) | O12: =IF(OR(N12="",N12=0),"",M12/N12) | P12: =IF(G12="","",0.25*G12+0.75*P11) | Q12: =IF(G12="","",(2/29)*G12+(27/29)*Q11) | R12: =IF(OR(Q12="",Q12=0),"",P12/Q12) | S12: =IF(H12="","",0.25*H12+0.75*S11) | T12: =IF(H12="","",(2/29)*H12+(27/29)*T11) | U12: =IF(OR(T12="",T12=0),"",S12/T12) | V12: =IF(I12="","",0.25*I12+0.75*V11) | W12: =IF(I12="","",(2/29)*I12+(27/29)*W11) | X12: =IF(OR(W12="",W12=0),"",V12/W12) | Y12: =IF(J12="","",0.25*J12+0.75*Y11) | Z12: =IF(J12="","",(2/29)*J12+(27/29)*Z11) | AA12: =IF(OR(Z12="",Z12=0),"",Y12/Z12) | AB12: =IF(L12="","",0.25*L12+0.75*AB11) | AC12: =IF(L12="","",(2/29)*L12+(27/29)*AC11) | AD12: =IF(OR(AC12="",AC12=0),"",AB12/AC12) | AE12: =IF(OR(O12="",R12="",U12="",AD12=""),"",IF(OR(O12>1.5,R12>1.5,U12>1.5,AD12>1.5),"🔴 ALTO",IF(OR(O12>1.3,R12>1.3,U12>1.3,AD12>1.3,O12<0.8,R12<0.8,U12<0.8,AD12<0.8),"🟡 ATENÇÃO","🟢 OK")))
A13: 46046 | B13: Treino | C13: MD-1 | D13: 4 | E13: 64 | F13: 4276 | G13: 104 | H13: 24 | I13: 36 | J13: 40 | K13: 2 | L13: =IF(K13="","",K13*E13) | M13: =IF(F13="","",0.25*F13+0.75*M12) | N13: =IF(F13="","",(2/29)*F13+(27/29)*N12) | O13: =IF(OR(N13="",N13=0),"",M13/N13) | P13: =IF(G13="","",0.25*G13+0.75*P12) | Q13: =IF(G13="","",(2/29)*G13+(27/29)*Q12) | R13: =IF(OR(Q13="",Q13=0),"",P13/Q13) | S13: =IF(H13="","",0.25*H13+0.75*S12) | T13: =IF(H13="","",(2/29)*H13+(27/29)*T12) | U13: =IF(OR(T13="",T13=0),"",S13/T13) | V13: =IF(I13="","",0.25*I13+0.75*V12) | W13: =IF(I13="","",(2/29)*I13+(27/29)*W12) | X13: =IF(OR(W13="",W13=0),"",V13/W13) | Y13: =IF(J13="","",0.25*J13+0.75*Y12) | Z13: =IF(J13="","",(2/29)*J13+(27/29)*Z12) | AA13: =IF(OR(Z13="",Z13=0),"",Y13/Z13) | AB13: =IF(L13="","",0.25*L13+0.75*AB12) | AC13: =IF(L13="","",(2/29)*L13+(27/29)*AC12) | AD13: =IF(OR(AC13="",AC13=0),"",AB13/AC13) | AE13: =IF(OR(O13="",R13="",U13="",AD13=""),"",IF(OR(O13>1.5,R13>1.5,U13>1.5,AD13>1.5),"🔴 ALTO",IF(OR(O13>1.3,R13>1.3,U13>1.3,AD13>1.3,O13<0.8,R13<0.8,U13<0.8,AD13<0.8),"🟡 ATENÇÃO","🟢 OK")))
A14: 46048 | B14: Treino | C14: MD-5 | D14: 5 | E14: 95 | F14: 8053 | G14: 185 | H14: 101 | I14: 91 | J14: 96 | K14: 5 | L14: =IF(K14="","",K14*E14) | M14: =IF(F14="","",0.25*F14+0.75*M13) | N14: =IF(F14="","",(2/29)*F14+(27/29)*N13) | O14: =IF(OR(N14="",N14=0),"",M14/N14) | P14: =IF(G14="","",0.25*G14+0.75*P13) | Q14: =IF(G14="","",(2/29)*G14+(27/29)*Q13) | R14: =IF(OR(Q14="",Q14=0),"",P14/Q14) | S14: =IF(H14="","",0.25*H14+0.75*S13) | T14: =IF(H14="","",(2/29)*H14+(27/29)*T13) | U14: =IF(OR(T14="",T14=0),"",S14/T14) | V14: =IF(I14="","",0.25*I14+0.75*V13) | W14: =IF(I14="","",(2/29)*I14+(27/29)*W13) | X14: =IF(OR(W14="",W14=0),"",V14/W14) | Y14: =IF(J14="","",0.25*J14+0.75*Y13) | Z14: =IF(J14="","",(2/29)*J14+(27/29)*Z13) | AA14: =IF(OR(Z14="",Z14=0),"",Y14/Z14) | AB14: =IF(L14="","",0.25*L14+0.75*AB13) | AC14: =IF(L14="","",(2/29)*L14+(27/29)*AC13) | AD14: =IF(OR(AC14="",AC14=0),"",AB14/AC14) | AE14: =IF(OR(O14="",R14="",U14="",AD14=""),"",IF(OR(O14>1.5,R14>1.5,U14>1.5,AD14>1.5),"🔴 ALTO",IF(OR(O14>1.3,R14>1.3,U14>1.3,AD14>1.3,O14<0.8,R14<0.8,U14<0.8,AD14<0.8),"🟡 ATENÇÃO","🟢 OK")))
A15: 46049 | B15: Treino | C15: MD-4 | D15: 5 | E15: 90 | F15: 8942 | G15: 346 | H15: 77 | I15: 69 | J15: 68 | K15: 9 | L15: =IF(K15="","",K15*E15) | M15: =IF(F15="","",0.25*F15+0.75*M14) | N15: =IF(F15="","",(2/29)*F15+(27/29)*N14) | O15: =IF(OR(N15="",N15=0),"",M15/N15) | P15: =IF(G15="","",0.25*G15+0.75*P14) | Q15: =IF(G15="","",(2/29)*G15+(27/29)*Q14) | R15: =IF(OR(Q15="",Q15=0),"",P15/Q15) | S15: =IF(H15="","",0.25*H15+0.75*S14) | T15: =IF(H15="","",(2/29)*H15+(27/29)*T14) | U15: =IF(OR(T15="",T15=0),"",S15/T15) | V15: =IF(I15="","",0.25*I15+0.75*V14) | W15: =IF(I15="","",(2/29)*I15+(27/29)*W14) | X15: =IF(OR(W15="",W15=0),"",V15/W15) | Y15: =IF(J15="","",0.25*J15+0.75*Y14) | Z15: =IF(J15="","",(2/29)*J15+(27/29)*Z14) | AA15: =IF(OR(Z15="",Z15=0),"",Y15/Z15) | AB15: =IF(L15="","",0.25*L15+0.75*AB14) | AC15: =IF(L15="","",(2/29)*L15+(27/29)*AC14) | AD15: =IF(OR(AC15="",AC15=0),"",AB15/AC15) | AE15: =IF(OR(O15="",R15="",U15="",AD15=""),"",IF(OR(O15>1.5,R15>1.5,U15>1.5,AD15>1.5),"🔴 ALTO",IF(OR(O15>1.3,R15>1.3,U15>1.3,AD15>1.3,O15<0.8,R15<0.8,U15<0.8,AD15<0.8),"🟡 ATENÇÃO","🟢 OK")))
A16: 46050 | B16: Treino | C16: MD-3 | D16: 5 | E16: 82 | F16: 8209 | G16: 268 | H16: 92 | I16: 86 | J16: 88 | K16: 8 | L16: =IF(K16="","",K16*E16) | M16: =IF(F16="","",0.25*F16+0.75*M15) | N16: =IF(F16="","",(2/29)*F16+(27/29)*N15) | O16: =IF(OR(N16="",N16=0),"",M16/N16) | P16: =IF(G16="","",0.25*G16+0.75*P15) | Q16: =IF(G16="","",(2/29)*G16+(27/29)*Q15) | R16: =IF(OR(Q16="",Q16=0),"",P16/Q16) | S16: =IF(H16="","",0.25*H16+0.75*S15) | T16: =IF(H16="","",(2/29)*H16+(27/29)*T15) | U16: =IF(OR(T16="",T16=0),"",S16/T16) | V16: =IF(I16="","",0.25*I16+0.75*V15) | W16: =IF(I16="","",(2/29)*I16+(27/29)*W15) | X16: =IF(OR(W16="",W16=0),"",V16/W16) | Y16: =IF(J16="","",0.25*J16+0.75*Y15) | Z16: =IF(J16="","",(2/29)*J16+(27/29)*Z15) | AA16: =IF(OR(Z16="",Z16=0),"",Y16/Z16) | AB16: =IF(L16="","",0.25*L16+0.75*AB15) | AC16: =IF(L16="","",(2/29)*L16+(27/29)*AC15) | AD16: =IF(OR(AC16="",AC16=0),"",AB16/AC16) | AE16: =IF(OR(O16="",R16="",U16="",AD16=""),"",IF(OR(O16>1.5,R16>1.5,U16>1.5,AD16>1.5),"🔴 ALTO",IF(OR(O16>1.3,R16>1.3,U16>1.3,AD16>1.3,O16<0.8,R16<0.8,U16<0.8,AD16<0.8),"🟡 ATENÇÃO","🟢 OK")))
A17: 46051 | B17: Treino | C17: MD-2 | D17: 5 | E17: 64 | F17: 4121 | G17: 126 | H17: 27 | I17: 36 | J17: 39 | K17: 2 | L17: =IF(K17="","",K17*E17) | M17: =IF(F17="","",0.25*F17+0.75*M16) | N17: =IF(F17="","",(2/29)*F17+(27/29)*N16) | O17: =IF(OR(N17="",N17=0),"",M17/N17) | P17: =IF(G17="","",0.25*G17+0.75*P16) | Q17: =IF(G17="","",(2/29)*G17+(27/29)*Q16) | R17: =IF(OR(Q17="",Q17=0),"",P17/Q17) | S17: =IF(H17="","",0.25*H17+0.75*S16) | T17: =IF(H17="","",(2/29)*H17+(27/29)*T16) | U17: =IF(OR(T17="",T17=0),"",S17/T17) | V17: =IF(I17="","",0.25*I17+0.75*V16) | W17: =IF(I17="","",(2/29)*I17+(27/29)*W16) | X17: =IF(OR(W17="",W17=0),"",V17/W17) | Y17: =IF(J17="","",0.25*J17+0.75*Y16) | Z17: =IF(J17="","",(2/29)*J17+(27/29)*Z16) | AA17: =IF(OR(Z17="",Z17=0),"",Y17/Z17) | AB17: =IF(L17="","",0.25*L17+0.75*AB16) | AC17: =IF(L17="","",(2/29)*L17+(27/29)*AC16) | AD17: =IF(OR(AC17="",AC17=0),"",AB17/AC17) | AE17: =IF(OR(O17="",R17="",U17="",AD17=""),"",IF(OR(O17>1.5,R17>1.5,U17>1.5,AD17>1.5),"🔴 ALTO",IF(OR(O17>1.3,R17>1.3,U17>1.3,AD17>1.3,O17<0.8,R17<0.8,U17<0.8,AD17<0.8),"🟡 ATENÇÃO","🟢 OK")))
A18: 46052 | B18: Treino | C18: MD-1 | D18: 5 | E18: 82 | F18: 6537 | G18: 264 | H18: 132 | I18: 61 | J18: 71 | K18: 7 | L18: =IF(K18="","",K18*E18) | M18: =IF(F18="","",0.25*F18+0.75*M17) | N18: =IF(F18="","",(2/29)*F18+(27/29)*N17) | O18: =IF(OR(N18="",N18=0),"",M18/N18) | P18: =IF(G18="","",0.25*G18+0.75*P17) | Q18: =IF(G18="","",(2/29)*G18+(27/29)*Q17) | R18: =IF(OR(Q18="",Q18=0),"",P18/Q18) | S18: =IF(H18="","",0.25*H18+0.75*S17) | T18: =IF(H18="","",(2/29)*H18+(27/29)*T17) | U18: =IF(OR(T18="",T18=0),"",S18/T18) | V18: =IF(I18="","",0.25*I18+0.75*V17) | W18: =IF(I18="","",(2/29)*I18+(27/29)*W17) | X18: =IF(OR(W18="",W18=0),"",V18/W18) | Y18: =IF(J18="","",0.25*J18+0.75*Y17) | Z18: =IF(J18="","",(2/29)*J18+(27/29)*Z17) | AA18: =IF(OR(Z18="",Z18=0),"",Y18/Z18) | AB18: =IF(L18="","",0.25*L18+0.75*AB17) | AC18: =IF(L18="","",(2/29)*L18+(27/29)*AC17) | AD18: =IF(OR(AC18="",AC18=0),"",AB18/AC18) | AE18: =IF(OR(O18="",R18="",U18="",AD18=""),"",IF(OR(O18>1.5,R18>1.5,U18>1.5,AD18>1.5),"🔴 ALTO",IF(OR(O18>1.3,R18>1.3,U18>1.3,AD18>1.3,O18<0.8,R18<0.8,U18<0.8,AD18<0.8),"🟡 ATENÇÃO","🟢 OK")))
A19: 46055 | B19: Treino | C19: MD-5 | D19: 6 | E19: 83 | F19: 7447 | G19: 245 | H19: 83 | I19: 99 | J19: 75 | K19: 8 | L19: =IF(K19="","",K19*E19) | M19: =IF(F19="","",0.25*F19+0.75*M18) | N19: =IF(F19="","",(2/29)*F19+(27/29)*N18) | O19: =IF(OR(N19="",N19=0),"",M19/N19) | P19: =IF(G19="","",0.25*G19+0.75*P18) | Q19: =IF(G19="","",(2/29)*G19+(27/29)*Q18) | R19: =IF(OR(Q19="",Q19=0),"",P19/Q19) | S19: =IF(H19="","",0.25*H19+0.75*S18) | T19: =IF(H19="","",(2/29)*H19+(27/29)*T18) | U19: =IF(OR(T19="",T19=0),"",S19/T19) | V19: =IF(I19="","",0.25*I19+0.75*V18) | W19: =IF(I19="","",(2/29)*I19+(27/29)*W18) | X19: =IF(OR(W19="",W19=0),"",V19/W19) | Y19: =IF(J19="","",0.25*J19+0.75*Y18) | Z19: =IF(J19="","",(2/29)*J19+(27/29)*Z18) | AA19: =IF(OR(Z19="",Z19=0),"",Y19/Z19) | AB19: =IF(L19="","",0.25*L19+0.75*AB18) | AC19: =IF(L19="","",(2/29)*L19+(27/29)*AC18) | AD19: =IF(OR(AC19="",AC19=0),"",AB19/AC19) | AE19: =IF(OR(O19="",R19="",U19="",AD19=""),"",IF(OR(O19>1.5,R19>1.5,U19>1.5,AD19>1.5),"🔴 ALTO",IF(OR(O19>1.3,R19>1.3,U19>1.3,AD19>1.3,O19<0.8,R19<0.8,U19<0.8,AD19<0.8),"🟡 ATENÇÃO","🟢 OK")))
A20: 46056 | B20: Treino | C20: MD-4 | D20: 6 | E20: 96 | F20: 7764 | G20: 348 | H20: 96 | I20: 83 | J20: 68 | K20: 9 | L20: =IF(K20="","",K20*E20) | M20: =IF(F20="","",0.25*F20+0.75*M19) | N20: =IF(F20="","",(2/29)*F20+(27/29)*N19) | O20: =IF(OR(N20="",N20=0),"",M20/N20) | P20: =IF(G20="","",0.25*G20+0.75*P19) | Q20: =IF(G20="","",(2/29)*G20+(27/29)*Q19) | R20: =IF(OR(Q20="",Q20=0),"",P20/Q20) | S20: =IF(H20="","",0.25*H20+0.75*S19) | T20: =IF(H20="","",(2/29)*H20+(27/29)*T19) | U20: =IF(OR(T20="",T20=0),"",S20/T20) | V20: =IF(I20="","",0.25*I20+0.75*V19) | W20: =IF(I20="","",(2/29)*I20+(27/29)*W19) | X20: =IF(OR(W20="",W20=0),"",V20/W20) | Y20: =IF(J20="","",0.25*J20+0.75*Y19) | Z20: =IF(J20="","",(2/29)*J20+(27/29)*Z19) | AA20: =IF(OR(Z20="",Z20=0),"",Y20/Z20) | AB20: =IF(L20="","",0.25*L20+0.75*AB19) | AC20: =IF(L20="","",(2/29)*L20+(27/29)*AC19) | AD20: =IF(OR(AC20="",AC20=0),"",AB20/AC20) | AE20: =IF(OR(O20="",R20="",U20="",AD20=""),"",IF(OR(O20>1.5,R20>1.5,U20>1.5,AD20>1.5),"🔴 ALTO",IF(OR(O20>1.3,R20>1.3,U20>1.3,AD20>1.3,O20<0.8,R20<0.8,U20<0.8,AD20<0.8),"🟡 ATENÇÃO","🟢 OK")))
A21: 46057 | B21: Treino | C21: MD-3 | D21: 6 | E21: 95 | F21: 5764 | G21: 267 | H21: 114 | I21: 99 | J21: 79 | K21: 8 | L21: =IF(K21="","",K21*E21) | M21: =IF(F21="","",0.25*F21+0.75*M20) | N21: =IF(F21="","",(2/29)*F21+(27/29)*N20) | O21: =IF(OR(N21="",N21=0),"",M21/N21) | P21: =IF(G21="","",0.25*G21+0.75*P20) | Q21: =IF(G21="","",(2/29)*G21+(27/29)*Q20) | R21: =IF(OR(Q21="",Q21=0),"",P21/Q21) | S21: =IF(H21="","",0.25*H21+0.75*S20) | T21: =IF(H21="","",(2/29)*H21+(27/29)*T20) | U21: =IF(OR(T21="",T21=0),"",S21/T21) | V21: =IF(I21="","",0.25*I21+0.75*V20) | W21: =IF(I21="","",(2/29)*I21+(27/29)*W20) | X21: =IF(OR(W21="",W21=0),"",V21/W21) | Y21: =IF(J21="","",0.25*J21+0.75*Y20) | Z21: =IF(J21="","",(2/29)*J21+(27/29)*Z20) | AA21: =IF(OR(Z21="",Z21=0),"",Y21/Z21) | AB21: =IF(L21="","",0.25*L21+0.75*AB20) | AC21: =IF(L21="","",(2/29)*L21+(27/29)*AC20) | AD21: =IF(OR(AC21="",AC21=0),"",AB21/AC21) | AE21: =IF(OR(O21="",R21="",U21="",AD21=""),"",IF(OR(O21>1.5,R21>1.5,U21>1.5,AD21>1.5),"🔴 ALTO",IF(OR(O21>1.3,R21>1.3,U21>1.3,AD21>1.3,O21<0.8,R21<0.8,U21<0.8,AD21<0.8),"🟡 ATENÇÃO","🟢 OK")))
A22: 46058 | B22: Treino | C22: MD-2 | D22: 6 | E22: 60 | F22: 4206 | G22: 121 | H22: 24 | I22: 36 | J22: 42 | K22: 1 | L22: =IF(K22="","",K22*E22) | M22: =IF(F22="","",0.25*F22+0.75*M21) | N22: =IF(F22="","",(2/29)*F22+(27/29)*N21) | O22: =IF(OR(N22="",N22=0),"",M22/N22) | P22: =IF(G22="","",0.25*G22+0.75*P21) | Q22: =IF(G22="","",(2/29)*G22+(27/29)*Q21) | R22: =IF(OR(Q22="",Q22=0),"",P22/Q22) | S22: =IF(H22="","",0.25*H22+0.75*S21) | T22: =IF(H22="","",(2/29)*H22+(27/29)*T21) | U22: =IF(OR(T22="",T22=0),"",S22/T22) | V22: =IF(I22="","",0.25*I22+0.75*V21) | W22: =IF(I22="","",(2/29)*I22+(27/29)*W21) | X22: =IF(OR(W22="",W22=0),"",V22/W22) | Y22: =IF(J22="","",0.25*J22+0.75*Y21) | Z22: =IF(J22="","",(2/29)*J22+(27/29)*Z21) | AA22: =IF(OR(Z22="",Z22=0),"",Y22/Z22) | AB22: =IF(L22="","",0.25*L22+0.75*AB21) | AC22: =IF(L22="","",(2/29)*L22+(27/29)*AC21) | AD22: =IF(OR(AC22="",AC22=0),"",AB22/AC22) | AE22: =IF(OR(O22="",R22="",U22="",AD22=""),"",IF(OR(O22>1.5,R22>1.5,U22>1.5,AD22>1.5),"🔴 ALTO",IF(OR(O22>1.3,R22>1.3,U22>1.3,AD22>1.3,O22<0.8,R22<0.8,U22<0.8,AD22<0.8),"🟡 ATENÇÃO","🟢 OK")))
... A60: 46138 | B60: Treino | C60: MD-1 | D60: 10 | E60: 65 | F60: 4554 | G60: 107 | H60: 25 | I60: 41 | J60: 36 | K60: 2 | L60: =IF(K60="","",K60*E60) | M60: =IF(F60="","",0.25*F60+0.75*M59) | N60: =IF(F60="","",(2/29)*F60+(27/29)*N59) | O60: =IF(OR(N60="",N60=0),"",M60/N60) | P60: =IF(G60="","",0.25*G60+0.75*P59) | Q60: =IF(G60="","",(2/29)*G60+(27/29)*Q59) | R60: =IF(OR(Q60="",Q60=0),"",P60/Q60) | S60: =IF(H60="","",0.25*H60+0.75*S59) | T60: =IF(H60="","",(2/29)*H60+(27/29)*T59) | U60: =IF(OR(T60="",T60=0),"",S60/T60) | V60: =IF(I60="","",0.25*I60+0.75*V59) | W60: =IF(I60="","",(2/29)*I60+(27/29)*W59) | X60: =IF(OR(W60="",W60=0),"",V60/W60) | Y60: =IF(J60="","",0.25*J60+0.75*Y59) | Z60: =IF(J60="","",(2/29)*J60+(27/29)*Z59) | AA60: =IF(OR(Z60="",Z60=0),"",Y60/Z60) | AB60: =IF(L60="","",0.25*L60+0.75*AB59) | AC60: =IF(L60="","",(2/29)*L60+(27/29)*AC59) | AD60: =IF(OR(AC60="",AC60=0),"",AB60/AC60) | AE60: =IF(OR(O60="",R60="",U60="",AD60=""),"",IF(OR(O60>1.5,R60>1.5,U60>1.5,AD60>1.5),"🔴 ALTO",IF(OR(O60>1.3,R60>1.3,U60>1.3,AD60>1.3,O60<0.8,R60<0.8,U60<0.8,AD60<0.8),"🟡 ATENÇÃO","🟢 OK")))
L61: =IF(K61="","",K61*E61) | M61: =IF(F61="","",0.25*F61+0.75*M60) | N61: =IF(F61="","",(2/29)*F61+(27/29)*N60) | O61: =IF(OR(N61="",N61=0),"",M61/N61) | P61: =IF(G61="","",0.25*G61+0.75*P60) | Q61: =IF(G61="","",(2/29)*G61+(27/29)*Q60) | R61: =IF(OR(Q61="",Q61=0),"",P61/Q61) | S61: =IF(H61="","",0.25*H61+0.75*S60) | T61: =IF(H61="","",(2/29)*H61+(27/29)*T60) | U61: =IF(OR(T61="",T61=0),"",S61/T61) | V61: =IF(I61="","",0.25*I61+0.75*V60) | W61: =IF(I61="","",(2/29)*I61+(27/29)*W60) | X61: =IF(OR(W61="",W61=0),"",V61/W61) | Y61: =IF(J61="","",0.25*J61+0.75*Y60) | Z61: =IF(J61="","",(2/29)*J61+(27/29)*Z60) | AA61: =IF(OR(Z61="",Z61=0),"",Y61/Z61) | AB61: =IF(L61="","",0.25*L61+0.75*AB60) | AC61: =IF(L61="","",(2/29)*L61+(27/29)*AC60) | AD61: =IF(OR(AC61="",AC61=0),"",AB61/AC61) | AE61: =IF(OR(O61="",R61="",U61="",AD61=""),"",IF(OR(O61>1.5,R61>1.5,U61>1.5,AD61>1.5),"🔴 ALTO",IF(OR(O61>1.3,R61>1.3,U61>1.3,AD61>1.3,O61<0.8,R61<0.8,U61<0.8,AD61<0.8),"🟡 ATENÇÃO","🟢 OK")))
L62: =IF(K62="","",K62*E62) | M62: =IF(F62="","",0.25*F62+0.75*M61) | N62: =IF(F62="","",(2/29)*F62+(27/29)*N61) | O62: =IF(OR(N62="",N62=0),"",M62/N62) | P62: =IF(G62="","",0.25*G62+0.75*P61) | Q62: =IF(G62="","",(2/29)*G62+(27/29)*Q61) | R62: =IF(OR(Q62="",Q62=0),"",P62/Q62) | S62: =IF(H62="","",0.25*H62+0.75*S61) | T62: =IF(H62="","",(2/29)*H62+(27/29)*T61) | U62: =IF(OR(T62="",T62=0),"",S62/T62) | V62: =IF(I62="","",0.25*I62+0.75*V61) | W62: =IF(I62="","",(2/29)*I62+(27/29)*W61) | X62: =IF(OR(W62="",W62=0),"",V62/W62) | Y62: =IF(J62="","",0.25*J62+0.75*Y61) | Z62: =IF(J62="","",(2/29)*J62+(27/29)*Z61) | AA62: =IF(OR(Z62="",Z62=0),"",Y62/Z62) | AB62: =IF(L62="","",0.25*L62+0.75*AB61) | AC62: =IF(L62="","",(2/29)*L62+(27/29)*AC61) | AD62: =IF(OR(AC62="",AC62=0),"",AB62/AC62) | AE62: =IF(OR(O62="",R62="",U62="",AD62=""),"",IF(OR(O62>1.5,R62>1.5,U62>1.5,AD62>1.5),"🔴 ALTO",IF(OR(O62>1.3,R62>1.3,U62>1.3,AD62>1.3,O62<0.8,R62<0.8,U62<0.8,AD62<0.8),"🟡 ATENÇÃO","🟢 OK")))
L63: =IF(K63="","",K63*E63) | M63: =IF(F63="","",0.25*F63+0.75*M62) | N63: =IF(F63="","",(2/29)*F63+(27/29)*N62) | O63: =IF(OR(N63="",N63=0),"",M63/N63) | P63: =IF(G63="","",0.25*G63+0.75*P62) | Q63: =IF(G63="","",(2/29)*G63+(27/29)*Q62) | R63: =IF(OR(Q63="",Q63=0),"",P63/Q63) | S63: =IF(H63="","",0.25*H63+0.75*S62) | T63: =IF(H63="","",(2/29)*H63+(27/29)*T62) | U63: =IF(OR(T63="",T63=0),"",S63/T63) | V63: =IF(I63="","",0.25*I63+0.75*V62) | W63: =IF(I63="","",(2/29)*I63+(27/29)*W62) | X63: =IF(OR(W63="",W63=0),"",V63/W63) | Y63: =IF(J63="","",0.25*J63+0.75*Y62) | Z63: =IF(J63="","",(2/29)*J63+(27/29)*Z62) | AA63: =IF(OR(Z63="",Z63=0),"",Y63/Z63) | AB63: =IF(L63="","",0.25*L63+0.75*AB62) | AC63: =IF(L63="","",(2/29)*L63+(27/29)*AC62) | AD63: =IF(OR(AC63="",AC63=0),"",AB63/AC63) | AE63: =IF(OR(O63="",R63="",U63="",AD63=""),"",IF(OR(O63>1.5,R63>1.5,U63>1.5,AD63>1.5),"🔴 ALTO",IF(OR(O63>1.3,R63>1.3,U63>1.3,AD63>1.3,O63<0.8,R63<0.8,U63<0.8,AD63<0.8),"🟡 ATENÇÃO","🟢 OK")))
L64: =IF(K64="","",K64*E64) | M64: =IF(F64="","",0.25*F64+0.75*M63) | N64: =IF(F64="","",(2/29)*F64+(27/29)*N63) | O64: =IF(OR(N64="",N64=0),"",M64/N64) | P64: =IF(G64="","",0.25*G64+0.75*P63) | Q64: =IF(G64="","",(2/29)*G64+(27/29)*Q63) | R64: =IF(OR(Q64="",Q64=0),"",P64/Q64) | S64: =IF(H64="","",0.25*H64+0.75*S63) | T64: =IF(H64="","",(2/29)*H64+(27/29)*T63) | U64: =IF(OR(T64="",T64=0),"",S64/T64) | V64: =IF(I64="","",0.25*I64+0.75*V63) | W64: =IF(I64="","",(2/29)*I64+(27/29)*W63) | X64: =IF(OR(W64="",W64=0),"",V64/W64) | Y64: =IF(J64="","",0.25*J64+0.75*Y63) | Z64: =IF(J64="","",(2/29)*J64+(27/29)*Z63) | AA64: =IF(OR(Z64="",Z64=0),"",Y64/Z64) | AB64: =IF(L64="","",0.25*L64+0.75*AB63) | AC64: =IF(L64="","",(2/29)*L64+(27/29)*AC63) | AD64: =IF(OR(AC64="",AC64=0),"",AB64/AC64) | AE64: =IF(OR(O64="",R64="",U64="",AD64=""),"",IF(OR(O64>1.5,R64>1.5,U64>1.5,AD64>1.5),"🔴 ALTO",IF(OR(O64>1.3,R64>1.3,U64>1.3,AD64>1.3,O64<0.8,R64<0.8,U64<0.8,AD64<0.8),"🟡 ATENÇÃO","🟢 OK")))
L65: =IF(K65="","",K65*E65) | M65: =IF(F65="","",0.25*F65+0.75*M64) | N65: =IF(F65="","",(2/29)*F65+(27/29)*N64) | O65: =IF(OR(N65="",N65=0),"",M65/N65) | P65: =IF(G65="","",0.25*G65+0.75*P64) | Q65: =IF(G65="","",(2/29)*G65+(27/29)*Q64) | R65: =IF(OR(Q65="",Q65=0),"",P65/Q65) | S65: =IF(H65="","",0.25*H65+0.75*S64) | T65: =IF(H65="","",(2/29)*H65+(27/29)*T64) | U65: =IF(OR(T65="",T65=0),"",S65/T65) | V65: =IF(I65="","",0.25*I65+0.75*V64) | W65: =IF(I65="","",(2/29)*I65+(27/29)*W64) | X65: =IF(OR(W65="",W65=0),"",V65/W65) | Y65: =IF(J65="","",0.25*J65+0.75*Y64) | Z65: =IF(J65="","",(2/29)*J65+(27/29)*Z64) | AA65: =IF(OR(Z65="",Z65=0),"",Y65/Z65) | AB65: =IF(L65="","",0.25*L65+0.75*AB64) | AC65: =IF(L65="","",(2/29)*L65+(27/29)*AC64) | AD65: =IF(OR(AC65="",AC65=0),"",AB65/AC65) | AE65: =IF(OR(O65="",R65="",U65="",AD65=""),"",IF(OR(O65>1.5,R65>1.5,U65>1.5,AD65>1.5),"🔴 ALTO",IF(OR(O65>1.3,R65>1.3,U65>1.3,AD65>1.3,O65<0.8,R65<0.8,U65<0.8,AD65<0.8),"🟡 ATENÇÃO","🟢 OK")))
L66: =IF(K66="","",K66*E66) | M66: =IF(F66="","",0.25*F66+0.75*M65) | N66: =IF(F66="","",(2/29)*F66+(27/29)*N65) | O66: =IF(OR(N66="",N66=0),"",M66/N66) | P66: =IF(G66="","",0.25*G66+0.75*P65) | Q66: =IF(G66="","",(2/29)*G66+(27/29)*Q65) | R66: =IF(OR(Q66="",Q66=0),"",P66/Q66) | S66: =IF(H66="","",0.25*H66+0.75*S65) | T66: =IF(H66="","",(2/29)*H66+(27/29)*T65) | U66: =IF(OR(T66="",T66=0),"",S66/T66) | V66: =IF(I66="","",0.25*I66+0.75*V65) | W66: =IF(I66="","",(2/29)*I66+(27/29)*W65) | X66: =IF(OR(W66="",W66=0),"",V66/W66) | Y66: =IF(J66="","",0.25*J66+0.75*Y65) | Z66: =IF(J66="","",(2/29)*J66+(27/29)*Z65) | AA66: =IF(OR(Z66="",Z66=0),"",Y66/Z66) | AB66: =IF(L66="","",0.25*L66+0.75*AB65) | AC66: =IF(L66="","",(2/29)*L66+(27/29)*AC65) | AD66: =IF(OR(AC66="",AC66=0),"",AB66/AC66) | AE66: =IF(OR(O66="",R66="",U66="",AD66=""),"",IF(OR(O66>1.5,R66>1.5,U66>1.5,AD66>1.5),"🔴 ALTO",IF(OR(O66>1.3,R66>1.3,U66>1.3,AD66>1.3,O66<0.8,R66<0.8,U66<0.8,AD66<0.8),"🟡 ATENÇÃO","🟢 OK")))
L67: =IF(K67="","",K67*E67) | M67: =IF(F67="","",0.25*F67+0.75*M66) | N67: =IF(F67="","",(2/29)*F67+(27/29)*N66) | O67: =IF(OR(N67="",N67=0),"",M67/N67) | P67: =IF(G67="","",0.25*G67+0.75*P66) | Q67: =IF(G67="","",(2/29)*G67+(27/29)*Q66) | R67: =IF(OR(Q67="",Q67=0),"",P67/Q67) | S67: =IF(H67="","",0.25*H67+0.75*S66) | T67: =IF(H67="","",(2/29)*H67+(27/29)*T66) | U67: =IF(OR(T67="",T67=0),"",S67/T67) | V67: =IF(I67="","",0.25*I67+0.75*V66) | W67: =IF(I67="","",(2/29)*I67+(27/29)*W66) | X67: =IF(OR(W67="",W67=0),"",V67/W67) | Y67: =IF(J67="","",0.25*J67+0.75*Y66) | Z67: =IF(J67="","",(2/29)*J67+(27/29)*Z66) | AA67: =IF(OR(Z67="",Z67=0),"",Y67/Z67) | AB67: =IF(L67="","",0.25*L67+0.75*AB66) | AC67: =IF(L67="","",(2/29)*L67+(27/29)*AC66) | AD67: =IF(OR(AC67="",AC67=0),"",AB67/AC67) | AE67: =IF(OR(O67="",R67="",U67="",AD67=""),"",IF(OR(O67>1.5,R67>1.5,U67>1.5,AD67>1.5),"🔴 ALTO",IF(OR(O67>1.3,R67>1.3,U67>1.3,AD67>1.3,O67<0.8,R67<0.8,U67<0.8,AD67<0.8),"🟡 ATENÇÃO","🟢 OK")))
L68: =IF(K68="","",K68*E68) | M68: =IF(F68="","",0.25*F68+0.75*M67) | N68: =IF(F68="","",(2/29)*F68+(27/29)*N67) | O68: =IF(OR(N68="",N68=0),"",M68/N68) | P68: =IF(G68="","",0.25*G68+0.75*P67) | Q68: =IF(G68="","",(2/29)*G68+(27/29)*Q67) | R68: =IF(OR(Q68="",Q68=0),"",P68/Q68) | S68: =IF(H68="","",0.25*H68+0.75*S67) | T68: =IF(H68="","",(2/29)*H68+(27/29)*T67) | U68: =IF(OR(T68="",T68=0),"",S68/T68) | V68: =IF(I68="","",0.25*I68+0.75*V67) | W68: =IF(I68="","",(2/29)*I68+(27/29)*W67) | X68: =IF(OR(W68="",W68=0),"",V68/W68) | Y68: =IF(J68="","",0.25*J68+0.75*Y67) | Z68: =IF(J68="","",(2/29)*J68+(27/29)*Z67) | AA68: =IF(OR(Z68="",Z68=0),"",Y68/Z68) | AB68: =IF(L68="","",0.25*L68+0.75*AB67) | AC68: =IF(L68="","",(2/29)*L68+(27/29)*AC67) | AD68: =IF(OR(AC68="",AC68=0),"",AB68/AC68) | AE68: =IF(OR(O68="",R68="",U68="",AD68=""),"",IF(OR(O68>1.5,R68>1.5,U68>1.5,AD68>1.5),"🔴 ALTO",IF(OR(O68>1.3,R68>1.3,U68>1.3,AD68>1.3,O68<0.8,R68<0.8,U68<0.8,AD68<0.8),"🟡 ATENÇÃO","🟢 OK")))
L69: =IF(K69="","",K69*E69) | M69: =IF(F69="","",0.25*F69+0.75*M68) | N69: =IF(F69="","",(2/29)*F69+(27/29)*N68) | O69: =IF(OR(N69="",N69=0),"",M69/N69) | P69: =IF(G69="","",0.25*G69+0.75*P68) | Q69: =IF(G69="","",(2/29)*G69+(27/29)*Q68) | R69: =IF(OR(Q69="",Q69=0),"",P69/Q69) | S69: =IF(H69="","",0.25*H69+0.75*S68) | T69: =IF(H69="","",(2/29)*H69+(27/29)*T68) | U69: =IF(OR(T69="",T69=0),"",S69/T69) | V69: =IF(I69="","",0.25*I69+0.75*V68) | W69: =IF(I69="","",(2/29)*I69+(27/29)*W68) | X69: =IF(OR(W69="",W69=0),"",V69/W69) | Y69: =IF(J69="","",0.25*J69+0.75*Y68) | Z69: =IF(J69="","",(2/29)*J69+(27/29)*Z68) | AA69: =IF(OR(Z69="",Z69=0),"",Y69/Z69) | AB69: =IF(L69="","",0.25*L69+0.75*AB68) | AC69: =IF(L69="","",(2/29)*L69+(27/29)*AC68) | AD69: =IF(OR(AC69="",AC69=0),"",AB69/AC69) | AE69: =IF(OR(O69="",R69="",U69="",AD69=""),"",IF(OR(O69>1.5,R69>1.5,U69>1.5,AD69>1.5),"🔴 ALTO",IF(OR(O69>1.3,R69>1.3,U69>1.3,AD69>1.3,O69<0.8,R69<0.8,U69<0.8,AD69<0.8),"🟡 ATENÇÃO","🟢 OK")))
L70: =IF(K70="","",K70*E70) | M70: =IF(F70="","",0.25*F70+0.75*M69) | N70: =IF(F70="","",(2/29)*F70+(27/29)*N69) | O70: =IF(OR(N70="",N70=0),"",M70/N70) | P70: =IF(G70="","",0.25*G70+0.75*P69) | Q70: =IF(G70="","",(2/29)*G70+(27/29)*Q69) | R70: =IF(OR(Q70="",Q70=0),"",P70/Q70) | S70: =IF(H70="","",0.25*H70+0.75*S69) | T70: =IF(H70="","",(2/29)*H70+(27/29)*T69) | U70: =IF(OR(T70="",T70=0),"",S70/T70) | V70: =IF(I70="","",0.25*I70+0.75*V69) | W70: =IF(I70="","",(2/29)*I70+(27/29)*W69) | X70: =IF(OR(W70="",W70=0),"",V70/W70) | Y70: =IF(J70="","",0.25*J70+0.75*Y69) | Z70: =IF(J70="","",(2/29)*J70+(27/29)*Z69) | AA70: =IF(OR(Z70="",Z70=0),"",Y70/Z70) | AB70: =IF(L70="","",0.25*L70+0.75*AB69) | AC70: =IF(L70="","",(2/29)*L70+(27/29)*AC69) | AD70: =IF(OR(AC70="",AC70=0),"",AB70/AC70) | AE70: =IF(OR(O70="",R70="",U70="",AD70=""),"",IF(OR(O70>1.5,R70>1.5,U70>1.5,AD70>1.5),"🔴 ALTO",IF(OR(O70>1.3,R70>1.3,U70>1.3,AD70>1.3,O70<0.8,R70<0.8,U70<0.8,AD70<0.8),"🟡 ATENÇÃO","🟢 OK")))
L71: =IF(K71="","",K71*E71) | M71: =IF(F71="","",0.25*F71+0.75*M70) | N71: =IF(F71="","",(2/29)*F71+(27/29)*N70) | O71: =IF(OR(N71="",N71=0),"",M71/N71) | P71: =IF(G71="","",0.25*G71+0.75*P70) | Q71: =IF(G71="","",(2/29)*G71+(27/29)*Q70) | R71: =IF(OR(Q71="",Q71=0),"",P71/Q71) | S71: =IF(H71="","",0.25*H71+0.75*S70) | T71: =IF(H71="","",(2/29)*H71+(27/29)*T70) | U71: =IF(OR(T71="",T71=0),"",S71/T71) | V71: =IF(I71="","",0.25*I71+0.75*V70) | W71: =IF(I71="","",(2/29)*I71+(27/29)*W70) | X71: =IF(OR(W71="",W71=0),"",V71/W71) | Y71: =IF(J71="","",0.25*J71+0.75*Y70) | Z71: =IF(J71="","",(2/29)*J71+(27/29)*Z70) | AA71: =IF(OR(Z71="",Z71=0),"",Y71/Z71) | AB71: =IF(L71="","",0.25*L71+0.75*AB70) | AC71: =IF(L71="","",(2/29)*L71+(27/29)*AC70) | AD71: =IF(OR(AC71="",AC71=0),"",AB71/AC71) | AE71: =IF(OR(O71="",R71="",U71="",AD71=""),"",IF(OR(O71>1.5,R71>1.5,U71>1.5,AD71>1.5),"🔴 ALTO",IF(OR(O71>1.3,R71>1.3,U71>1.3,AD71>1.3,O71<0.8,R71<0.8,U71<0.8,AD71<0.8),"🟡 ATENÇÃO","🟢 OK")))
L72: =IF(K72="","",K72*E72) | M72: =IF(F72="","",0.25*F72+0.75*M71) | N72: =IF(F72="","",(2/29)*F72+(27/29)*N71) | O72: =IF(OR(N72="",N72=0),"",M72/N72) | P72: =IF(G72="","",0.25*G72+0.75*P71) | Q72: =IF(G72="","",(2/29)*G72+(27/29)*Q71) | R72: =IF(OR(Q72="",Q72=0),"",P72/Q72) | S72: =IF(H72="","",0.25*H72+0.75*S71) | T72: =IF(H72="","",(2/29)*H72+(27/29)*T71) | U72: =IF(OR(T72="",T72=0),"",S72/T72) | V72: =IF(I72="","",0.25*I72+0.75*V71) | W72: =IF(I72="","",(2/29)*I72+(27/29)*W71) | X72: =IF(OR(W72="",W72=0),"",V72/W72) | Y72: =IF(J72="","",0.25*J72+0.75*Y71) | Z72: =IF(J72="","",(2/29)*J72+(27/29)*Z71) | AA72: =IF(OR(Z72="",Z72=0),"",Y72/Z72) | AB72: =IF(L72="","",0.25*L72+0.75*AB71) | AC72: =IF(L72="","",(2/29)*L72+(27/29)*AC71) | AD72: =IF(OR(AC72="",AC72=0),"",AB72/AC72) | AE72: =IF(OR(O72="",R72="",U72="",AD72=""),"",IF(OR(O72>1.5,R72>1.5,U72>1.5,AD72>1.5),"🔴 ALTO",IF(OR(O72>1.3,R72>1.3,U72>1.3,AD72>1.3,O72<0.8,R72<0.8,U72<0.8,AD72<0.8),"🟡 ATENÇÃO","🟢 OK")))
... L208: =IF(K208="","",K208*E208) | M208: =IF(F208="","",0.25*F208+0.75*M207) | N208: =IF(F208="","",(2/29)*F208+(27/29)*N207) | O208: =IF(OR(N208="",N208=0),"",M208/N208) | P208: =IF(G208="","",0.25*G208+0.75*P207) | Q208: =IF(G208="","",(2/29)*G208+(27/29)*Q207) | R208: =IF(OR(Q208="",Q208=0),"",P208/Q208) | S208: =IF(H208="","",0.25*H208+0.75*S207) | T208: =IF(H208="","",(2/29)*H208+(27/29)*T207) | U208: =IF(OR(T208="",T208=0),"",S208/T208) | V208: =IF(I208="","",0.25*I208+0.75*V207) | W208: =IF(I208="","",(2/29)*I208+(27/29)*W207) | X208: =IF(OR(W208="",W208=0),"",V208/W208) | Y208: =IF(J208="","",0.25*J208+0.75*Y207) | Z208: =IF(J208="","",(2/29)*J208+(27/29)*Z207) | AA208: =IF(OR(Z208="",Z208=0),"",Y208/Z208) | AB208: =IF(L208="","",0.25*L208+0.75*AB207) | AC208: =IF(L208="","",(2/29)*L208+(27/29)*AC207) | AD208: =IF(OR(AC208="",AC208=0),"",AB208/AC208) | AE208: =IF(OR(O208="",R208="",U208="",AD208=""),"",IF(OR(O208>1.5,R208>1.5,U208>1.5,AD208>1.5),"🔴 ALTO",IF(OR(O208>1.3,R208>1.3,U208>1.3,AD208>1.3,O208<0.8,R208<0.8,U208<0.8,AD208<0.8),"🟡 ATENÇÃO","🟢 OK")))

Sheet Monot_Strain
A1: 📊 MONOTONIA & STRAIN | Carga Interna (PSE × Duração) | Belenenses
A2: Monotonia = Média diária ÷ DP diário · Strain = Carga semanal × Monotonia · Semáforo: 🟢 Monot < 1.5 | 🟡 1.5–2.0 | 🔴 > 2.0
A4: ⚙️ PARÂMETROS | D4: LIMIARES: | E4: 🟢 < 1.5 | F4: 🟡 1.5 – 2.0 | G4: 🔴 > 2.0
A5: Microciclo: | B5: 10 | D5: Strain: | E5: 🟢 < 6000 | F5: 🟡 6000 – 10000 | G5: 🔴 > 10000
A7: A — MONOTONIA & STRAIN POR JOGADOR (MC selecionado — Treinos)
A8: Jogador | B8: Nº Sessões | C8: Carga Total (CI Σ) | D8: Média Diária (CI) | E8: DP Diário (CI) | F8: Monotonia | G8: Strain | H8: Alerta Monot. | I8: Alerta Strain | J8: Risco
A9: {=IFERROR(INDEX(_xlfn._xlws.SORT(_xlfn.UNIQUE(_xlfn._xlws.FILTER(tblCarga[Jogador],(tblCarga[Microciclo (Nr)]=$B$5)*(tblCarga[Tipo]="Treino")))),ROW()-8),"")} | B9: =IF(A9="","",COUNTIFS(tblCarga[Jogador],A9,tblCarga[Microciclo (Nr)],$B$5,tblCarga[Tipo],"Treino")) | C9: {=IF(A9="","",SUMPRODUCT((tblCarga[Jogador]=A9)*(tblCarga[Microciclo (Nr)]=$B$5)*(tblCarga[Tipo]="Treino")*tblCarga[PSE Sessão]*tblCarga[Duração (min)]))} | D9: =IF(A9="","",IFERROR(C9/B9,0)) | E9: {=IF(A9="","",IFERROR(STDEV(_xlfn._xlws.FILTER(tblCarga[PSE Sessão]*tblCarga[Duração (min)],(tblCarga[Jogador]=A9)*(tblCarga[Microciclo (Nr)]=$B$5)*(tblCarga[Tipo]="Treino"))),0))} | F9: =IF(A9="","",IFERROR(D9/E9,0)) | G9: =IF(A9="","",C9*F9) | H9: =IF(F9="","",IF(F9>2,"ALTO",IF(F9>1.5,"ATENCAO","OK"))) | I9: =IF(G9="","",IF(G9>10000,"ALTO",IF(G9>6000,"ATENCAO","OK"))) | J9: =IF(A9="","",IF(OR(F9>2,G9>10000),"ALTO",IF(OR(F9>1.5,G9>6000),"MEDIO","OK")))
A10: {=IFERROR(INDEX(_xlfn._xlws.SORT(_xlfn.UNIQUE(_xlfn._xlws.FILTER(tblCarga[Jogador],(tblCarga[Microciclo (Nr)]=$B$5)*(tblCarga[Tipo]="Treino")))),ROW()-8),"")} | B10: =IF(A10="","",COUNTIFS(tblCarga[Jogador],A10,tblCarga[Microciclo (Nr)],$B$5,tblCarga[Tipo],"Treino")) | C10: {=IF(A10="","",SUMPRODUCT((tblCarga[Jogador]=A10)*(tblCarga[Microciclo (Nr)]=$B$5)*(tblCarga[Tipo]="Treino")*tblCarga[PSE Sessão]*tblCarga[Duração (min)]))} | D10: =IF(A10="","",IFERROR(C10/B10,0)) | E10: {=IF(A10="","",IFERROR(STDEV(_xlfn._xlws.FILTER(tblCarga[PSE Sessão]*tblCarga[Duração (min)],(tblCarga[Jogador]=A10)*(tblCarga[Microciclo (Nr)]=$B$5)*(tblCarga[Tipo]="Treino"))),0))} | F10: =IF(A10="","",IFERROR(D10/E10,0)) | G10: =IF(A10="","",C10*F10) | H10: =IF(F10="","",IF(F10>2,"ALTO",IF(F10>1.5,"ATENCAO","OK"))) | I10: =IF(G10="","",IF(G10>10000,"ALTO",IF(G10>6000,"ATENCAO","OK"))) | J10: =IF(A10="","",IF(OR(F10>2,G10>10000),"ALTO",IF(OR(F10>1.5,G10>6000),"MEDIO","OK")))
A11: {=IFERROR(INDEX(_xlfn._xlws.SORT(_xlfn.UNIQUE(_xlfn._xlws.FILTER(tblCarga[Jogador],(tblCarga[Microciclo (Nr)]=$B$5)*(tblCarga[Tipo]="Treino")))),ROW()-8),"")} | B11: =IF(A11="","",COUNTIFS(tblCarga[Jogador],A11,tblCarga[Microciclo (Nr)],$B$5,tblCarga[Tipo],"Treino")) | C11: {=IF(A11="","",SUMPRODUCT((tblCarga[Jogador]=A11)*(tblCarga[Microciclo (Nr)]=$B$5)*(tblCarga[Tipo]="Treino")*tblCarga[PSE Sessão]*tblCarga[Duração (min)]))} | D11: =IF(A11="","",IFERROR(C11/B11,0)) | E11: {=IF(A11="","",IFERROR(STDEV(_xlfn._xlws.FILTER(tblCarga[PSE Sessão]*tblCarga[Duração (min)],(tblCarga[Jogador]=A11)*(tblCarga[Microciclo (Nr)]=$B$5)*(tblCarga[Tipo]="Treino"))),0))} | F11: =IF(A11="","",IFERROR(D11/E11,0)) | G11: =IF(A11="","",C11*F11) | H11: =IF(F11="","",IF(F11>2,"ALTO",IF(F11>1.5,"ATENCAO","OK"))) | I11: =IF(G11="","",IF(G11>10000,"ALTO",IF(G11>6000,"ATENCAO","OK"))) | J11: =IF(A11="","",IF(OR(F11>2,G11>10000),"ALTO",IF(OR(F11>1.5,G11>6000),"MEDIO","OK")))
A12: {=IFERROR(INDEX(_xlfn._xlws.SORT(_xlfn.UNIQUE(_xlfn._xlws.FILTER(tblCarga[Jogador],(tblCarga[Microciclo (Nr)]=$B$5)*(tblCarga[Tipo]="Treino")))),ROW()-8),"")} | B12: =IF(A12="","",COUNTIFS(tblCarga[Jogador],A12,tblCarga[Microciclo (Nr)],$B$5,tblCarga[Tipo],"Treino")) | C12: {=IF(A12="","",SUMPRODUCT((tblCarga[Jogador]=A12)*(tblCarga[Microciclo (Nr)]=$B$5)*(tblCarga[Tipo]="Treino")*tblCarga[PSE Sessão]*tblCarga[Duração (min)]))} | D12: =IF(A12="","",IFERROR(C12/B12,0)) | E12: {=IF(A12="","",IFERROR(STDEV(_xlfn._xlws.FILTER(tblCarga[PSE Sessão]*tblCarga[Duração (min)],(tblCarga[Jogador]=A12)*(tblCarga[Microciclo (Nr)]=$B$5)*(tblCarga[Tipo]="Treino"))),0))} | F12: =IF(A12="","",IFERROR(D12/E12,0)) | G12: =IF(A12="","",C12*F12) | H12: =IF(F12="","",IF(F12>2,"ALTO",IF(F12>1.5,"ATENCAO","OK"))) | I12: =IF(G12="","",IF(G12>10000,"ALTO",IF(G12>6000,"ATENCAO","OK"))) | J12: =IF(A12="","",IF(OR(F12>2,G12>10000),"ALTO",IF(OR(F12>1.5,G12>6000),"MEDIO","OK")))
A13: {=IFERROR(INDEX(_xlfn._xlws.SORT(_xlfn.UNIQUE(_xlfn._xlws.FILTER(tblCarga[Jogador],(tblCarga[Microciclo (Nr)]=$B$5)*(tblCarga[Tipo]="Treino")))),ROW()-8),"")} | B13: =IF(A13="","",COUNTIFS(tblCarga[Jogador],A13,tblCarga[Microciclo (Nr)],$B$5,tblCarga[Tipo],"Treino")) | C13: {=IF(A13="","",SUMPRODUCT((tblCarga[Jogador]=A13)*(tblCarga[Microciclo (Nr)]=$B$5)*(tblCarga[Tipo]="Treino")*tblCarga[PSE Sessão]*tblCarga[Duração (min)]))} | D13: =IF(A13="","",IFERROR(C13/B13,0)) | E13: {=IF(A13="","",IFERROR(STDEV(_xlfn._xlws.FILTER(tblCarga[PSE Sessão]*tblCarga[Duração (min)],(tblCarga[Jogador]=A13)*(tblCarga[Microciclo (Nr)]=$B$5)*(tblCarga[Tipo]="Treino"))),0))} | F13: =IF(A13="","",IFERROR(D13/E13,0)) | G13: =IF(A13="","",C13*F13) | H13: =IF(F13="","",IF(F13>2,"ALTO",IF(F13>1.5,"ATENCAO","OK"))) | I13: =IF(G13="","",IF(G13>10000,"ALTO",IF(G13>6000,"ATENCAO","OK"))) | J13: =IF(A13="","",IF(OR(F13>2,G13>10000),"ALTO",IF(OR(F13>1.5,G13>6000),"MEDIO","OK")))
A14: {=IFERROR(INDEX(_xlfn._xlws.SORT(_xlfn.UNIQUE(_xlfn._xlws.FILTER(tblCarga[Jogador],(tblCarga[Microciclo (Nr)]=$B$5)*(tblCarga[Tipo]="Treino")))),ROW()-8),"")} | B14: =IF(A14="","",COUNTIFS(tblCarga[Jogador],A14,tblCarga[Microciclo (Nr)],$B$5,tblCarga[Tipo],"Treino")) | C14: {=IF(A14="","",SUMPRODUCT((tblCarga[Jogador]=A14)*(tblCarga[Microciclo (Nr)]=$B$5)*(tblCarga[Tipo]="Treino")*tblCarga[PSE Sessão]*tblCarga[Duração (min)]))} | D14: =IF(A14="","",IFERROR(C14/B14,0)) | E14: {=IF(A14="","",IFERROR(STDEV(_xlfn._xlws.FILTER(tblCarga[PSE Sessão]*tblCarga[Duração (min)],(tblCarga[Jogador]=A14)*(tblCarga[Microciclo (Nr)]=$B$5)*(tblCarga[Tipo]="Treino"))),0))} | F14: =IF(A14="","",IFERROR(D14/E14,0)) | G14: =IF(A14="","",C14*F14) | H14: =IF(F14="","",IF(F14>2,"ALTO",IF(F14>1.5,"ATENCAO","OK"))) | I14: =IF(G14="","",IF(G14>10000,"ALTO",IF(G14>6000,"ATENCAO","OK"))) | J14: =IF(A14="","",IF(OR(F14>2,G14>10000),"ALTO",IF(OR(F14>1.5,G14>6000),"MEDIO","OK")))
A15: {=IFERROR(INDEX(_xlfn._xlws.SORT(_xlfn.UNIQUE(_xlfn._xlws.FILTER(tblCarga[Jogador],(tblCarga[Microciclo (Nr)]=$B$5)*(tblCarga[Tipo]="Treino")))),ROW()-8),"")} | B15: =IF(A15="","",COUNTIFS(tblCarga[Jogador],A15,tblCarga[Microciclo (Nr)],$B$5,tblCarga[Tipo],"Treino")) | C15: {=IF(A15="","",SUMPRODUCT((tblCarga[Jogador]=A15)*(tblCarga[Microciclo (Nr)]=$B$5)*(tblCarga[Tipo]="Treino")*tblCarga[PSE Sessão]*tblCarga[Duração (min)]))} | D15: =IF(A15="","",IFERROR(C15/B15,0)) | E15: {=IF(A15="","",IFERROR(STDEV(_xlfn._xlws.FILTER(tblCarga[PSE Sessão]*tblCarga[Duração (min)],(tblCarga[Jogador]=A15)*(tblCarga[Microciclo (Nr)]=$B$5)*(tblCarga[Tipo]="Treino"))),0))} | F15: =IF(A15="","",IFERROR(D15/E15,0)) | G15: =IF(A15="","",C15*F15) | H15: =IF(F15="","",IF(F15>2,"ALTO",IF(F15>1.5,"ATENCAO","OK"))) | I15: =IF(G15="","",IF(G15>10000,"ALTO",IF(G15>6000,"ATENCAO","OK"))) | J15: =IF(A15="","",IF(OR(F15>2,G15>10000),"ALTO",IF(OR(F15>1.5,G15>6000),"MEDIO","OK")))
A16: {=IFERROR(INDEX(_xlfn._xlws.SORT(_xlfn.UNIQUE(_xlfn._xlws.FILTER(tblCarga[Jogador],(tblCarga[Microciclo (Nr)]=$B$5)*(tblCarga[Tipo]="Treino")))),ROW()-8),"")} | B16: =IF(A16="","",COUNTIFS(tblCarga[Jogador],A16,tblCarga[Microciclo (Nr)],$B$5,tblCarga[Tipo],"Treino")) | C16: {=IF(A16="","",SUMPRODUCT((tblCarga[Jogador]=A16)*(tblCarga[Microciclo (Nr)]=$B$5)*(tblCarga[Tipo]="Treino")*tblCarga[PSE Sessão]*tblCarga[Duração (min)]))} | D16: =IF(A16="","",IFERROR(C16/B16,0)) | E16: {=IF(A16="","",IFERROR(STDEV(_xlfn._xlws.FILTER(tblCarga[PSE Sessão]*tblCarga[Duração (min)],(tblCarga[Jogador]=A16)*(tblCarga[Microciclo (Nr)]=$B$5)*(tblCarga[Tipo]="Treino"))),0))} | F16: =IF(A16="","",IFERROR(D16/E16,0)) | G16: =IF(A16="","",C16*F16) | H16: =IF(F16="","",IF(F16>2,"ALTO",IF(F16>1.5,"ATENCAO","OK"))) | I16: =IF(G16="","",IF(G16>10000,"ALTO",IF(G16>6000,"ATENCAO","OK"))) | J16: =IF(A16="","",IF(OR(F16>2,G16>10000),"ALTO",IF(OR(F16>1.5,G16>6000),"MEDIO","OK")))
A17: {=IFERROR(INDEX(_xlfn._xlws.SORT(_xlfn.UNIQUE(_xlfn._xlws.FILTER(tblCarga[Jogador],(tblCarga[Microciclo (Nr)]=$B$5)*(tblCarga[Tipo]="Treino")))),ROW()-8),"")} | B17: =IF(A17="","",COUNTIFS(tblCarga[Jogador],A17,tblCarga[Microciclo (Nr)],$B$5,tblCarga[Tipo],"Treino")) | C17: {=IF(A17="","",SUMPRODUCT((tblCarga[Jogador]=A17)*(tblCarga[Microciclo (Nr)]=$B$5)*(tblCarga[Tipo]="Treino")*tblCarga[PSE Sessão]*tblCarga[Duração (min)]))} | D17: =IF(A17="","",IFERROR(C17/B17,0)) | E17: {=IF(A17="","",IFERROR(STDEV(_xlfn._xlws.FILTER(tblCarga[PSE Sessão]*tblCarga[Duração (min)],(tblCarga[Jogador]=A17)*(tblCarga[Microciclo (Nr)]=$B$5)*(tblCarga[Tipo]="Treino"))),0))} | F17: =IF(A17="","",IFERROR(D17/E17,0)) | G17: =IF(A17="","",C17*F17) | H17: =IF(F17="","",IF(F17>2,"ALTO",IF(F17>1.5,"ATENCAO","OK"))) | I17: =IF(G17="","",IF(G17>10000,"ALTO",IF(G17>6000,"ATENCAO","OK"))) | J17: =IF(A17="","",IF(OR(F17>2,G17>10000),"ALTO",IF(OR(F17>1.5,G17>6000),"MEDIO","OK")))
A18: {=IFERROR(INDEX(_xlfn._xlws.SORT(_xlfn.UNIQUE(_xlfn._xlws.FILTER(tblCarga[Jogador],(tblCarga[Microciclo (Nr)]=$B$5)*(tblCarga[Tipo]="Treino")))),ROW()-8),"")} | B18: =IF(A18="","",COUNTIFS(tblCarga[Jogador],A18,tblCarga[Microciclo (Nr)],$B$5,tblCarga[Tipo],"Treino")) | C18: {=IF(A18="","",SUMPRODUCT((tblCarga[Jogador]=A18)*(tblCarga[Microciclo (Nr)]=$B$5)*(tblCarga[Tipo]="Treino")*tblCarga[PSE Sessão]*tblCarga[Duração (min)]))} | D18: =IF(A18="","",IFERROR(C18/B18,0)) | E18: {=IF(A18="","",IFERROR(STDEV(_xlfn._xlws.FILTER(tblCarga[PSE Sessão]*tblCarga[Duração (min)],(tblCarga[Jogador]=A18)*(tblCarga[Microciclo (Nr)]=$B$5)*(tblCarga[Tipo]="Treino"))),0))} | F18: =IF(A18="","",IFERROR(D18/E18,0)) | G18: =IF(A18="","",C18*F18) | H18: =IF(F18="","",IF(F18>2,"ALTO",IF(F18>1.5,"ATENCAO","OK"))) | I18: =IF(G18="","",IF(G18>10000,"ALTO",IF(G18>6000,"ATENCAO","OK"))) | J18: =IF(A18="","",IF(OR(F18>2,G18>10000),"ALTO",IF(OR(F18>1.5,G18>6000),"MEDIO","OK")))
A19: {=IFERROR(INDEX(_xlfn._xlws.SORT(_xlfn.UNIQUE(_xlfn._xlws.FILTER(tblCarga[Jogador],(tblCarga[Microciclo (Nr)]=$B$5)*(tblCarga[Tipo]="Treino")))),ROW()-8),"")} | B19: =IF(A19="","",COUNTIFS(tblCarga[Jogador],A19,tblCarga[Microciclo (Nr)],$B$5,tblCarga[Tipo],"Treino")) | C19: {=IF(A19="","",SUMPRODUCT((tblCarga[Jogador]=A19)*(tblCarga[Microciclo (Nr)]=$B$5)*(tblCarga[Tipo]="Treino")*tblCarga[PSE Sessão]*tblCarga[Duração (min)]))} | D19: =IF(A19="","",IFERROR(C19/B19,0)) | E19: {=IF(A19="","",IFERROR(STDEV(_xlfn._xlws.FILTER(tblCarga[PSE Sessão]*tblCarga[Duração (min)],(tblCarga[Jogador]=A19)*(tblCarga[Microciclo (Nr)]=$B$5)*(tblCarga[Tipo]="Treino"))),0))} | F19: =IF(A19="","",IFERROR(D19/E19,0)) | G19: =IF(A19="","",C19*F19) | H19: =IF(F19="","",IF(F19>2,"ALTO",IF(F19>1.5,"ATENCAO","OK"))) | I19: =IF(G19="","",IF(G19>10000,"ALTO",IF(G19>6000,"ATENCAO","OK"))) | J19: =IF(A19="","",IF(OR(F19>2,G19>10000),"ALTO",IF(OR(F19>1.5,G19>6000),"MEDIO","OK")))
A20: {=IFERROR(INDEX(_xlfn._xlws.SORT(_xlfn.UNIQUE(_xlfn._xlws.FILTER(tblCarga[Jogador],(tblCarga[Microciclo (Nr)]=$B$5)*(tblCarga[Tipo]="Treino")))),ROW()-8),"")} | B20: =IF(A20="","",COUNTIFS(tblCarga[Jogador],A20,tblCarga[Microciclo (Nr)],$B$5,tblCarga[Tipo],"Treino")) | C20: {=IF(A20="","",SUMPRODUCT((tblCarga[Jogador]=A20)*(tblCarga[Microciclo (Nr)]=$B$5)*(tblCarga[Tipo]="Treino")*tblCarga[PSE Sessão]*tblCarga[Duração (min)]))} | D20: =IF(A20="","",IFERROR(C20/B20,0)) | E20: {=IF(A20="","",IFERROR(STDEV(_xlfn._xlws.FILTER(tblCarga[PSE Sessão]*tblCarga[Duração (min)],(tblCarga[Jogador]=A20)*(tblCarga[Microciclo (Nr)]=$B$5)*(tblCarga[Tipo]="Treino"))),0))} | F20: =IF(A20="","",IFERROR(D20/E20,0)) | G20: =IF(A20="","",C20*F20) | H20: =IF(F20="","",IF(F20>2,"ALTO",IF(F20>1.5,"ATENCAO","OK"))) | I20: =IF(G20="","",IF(G20>10000,"ALTO",IF(G20>6000,"ATENCAO","OK"))) | J20: =IF(A20="","",IF(OR(F20>2,G20>10000),"ALTO",IF(OR(F20>1.5,G20>6000),"MEDIO","OK")))
... A35: {=IFERROR(INDEX(_xlfn._xlws.SORT(_xlfn.UNIQUE(_xlfn._xlws.FILTER(tblCarga[Jogador],(tblCarga[Microciclo (Nr)]=$B$5)*(tblCarga[Tipo]="Treino")))),ROW()-8),"")} | B35: =IF(A35="","",COUNTIFS(tblCarga[Jogador],A35,tblCarga[Microciclo (Nr)],$B$5,tblCarga[Tipo],"Treino")) | C35: {=IF(A35="","",SUMPRODUCT((tblCarga[Jogador]=A35)*(tblCarga[Microciclo (Nr)]=$B$5)*(tblCarga[Tipo]="Treino")*tblCarga[PSE Sessão]*tblCarga[Duração (min)]))} | D35: =IF(A35="","",IFERROR(C35/B35,0)) | E35: {=IF(A35="","",IFERROR(STDEV(_xlfn._xlws.FILTER(tblCarga[PSE Sessão]*tblCarga[Duração (min)],(tblCarga[Jogador]=A35)*(tblCarga[Microciclo (Nr)]=$B$5)*(tblCarga[Tipo]="Treino"))),0))} | F35: =IF(A35="","",IFERROR(D35/E35,0)) | G35: =IF(A35="","",C35*F35) | H35: =IF(F35="","",IF(F35>2,"ALTO",IF(F35>1.5,"ATENCAO","OK"))) | I35: =IF(G35="","",IF(G35>10000,"ALTO",IF(G35>6000,"ATENCAO","OK"))) | J35: =IF(A35="","",IF(OR(F35>2,G35>10000),"ALTO",IF(OR(F35>1.5,G35>6000),"MEDIO","OK")))
A36: {=IFERROR(INDEX(_xlfn._xlws.SORT(_xlfn.UNIQUE(_xlfn._xlws.FILTER(tblCarga[Jogador],(tblCarga[Microciclo (Nr)]=$B$5)*(tblCarga[Tipo]="Treino")))),ROW()-8),"")} | B36: =IF(A36="","",COUNTIFS(tblCarga[Jogador],A36,tblCarga[Microciclo (Nr)],$B$5,tblCarga[Tipo],"Treino")) | C36: {=IF(A36="","",SUMPRODUCT((tblCarga[Jogador]=A36)*(tblCarga[Microciclo (Nr)]=$B$5)*(tblCarga[Tipo]="Treino")*tblCarga[PSE Sessão]*tblCarga[Duração (min)]))} | D36: =IF(A36="","",IFERROR(C36/B36,0)) | E36: {=IF(A36="","",IFERROR(STDEV(_xlfn._xlws.FILTER(tblCarga[PSE Sessão]*tblCarga[Duração (min)],(tblCarga[Jogador]=A36)*(tblCarga[Microciclo (Nr)]=$B$5)*(tblCarga[Tipo]="Treino"))),0))} | F36: =IF(A36="","",IFERROR(D36/E36,0)) | G36: =IF(A36="","",C36*F36) | H36: =IF(F36="","",IF(F36>2,"ALTO",IF(F36>1.5,"ATENCAO","OK"))) | I36: Tendência | J36: =IF(A36="","",IF(OR(F36>2,G36>10000),"ALTO",IF(OR(F36>1.5,G36>6000),"MEDIO","OK")))
A37: {=IFERROR(INDEX(_xlfn._xlws.SORT(_xlfn.UNIQUE(_xlfn._xlws.FILTER(tblCarga[Jogador],(tblCarga[Microciclo (Nr)]=$B$5)*(tblCarga[Tipo]="Treino")))),ROW()-8),"")} | B37: =IF(A37="","",COUNTIFS(tblCarga[Jogador],A37,tblCarga[Microciclo (Nr)],$B$5,tblCarga[Tipo],"Treino")) | C37: {=IF(A37="","",SUMPRODUCT((tblCarga[Jogador]=A37)*(tblCarga[Microciclo (Nr)]=$B$5)*(tblCarga[Tipo]="Treino")*tblCarga[PSE Sessão]*tblCarga[Duração (min)]))} | D37: =IF(A37="","",IFERROR(C37/B37,0)) | E37: {=IF(A37="","",IFERROR(STDEV(_xlfn._xlws.FILTER(tblCarga[PSE Sessão]*tblCarga[Duração (min)],(tblCarga[Jogador]=A37)*(tblCarga[Microciclo (Nr)]=$B$5)*(tblCarga[Tipo]="Treino"))),0))} | F37: =IF(A37="","",IFERROR(D37/E37,0)) | G37: =IF(A37="","",C37*F37) | H37: =IF(F37="","",IF(F37>2,"ALTO",IF(F37>1.5,"ATENCAO","OK"))) | I37: ="" | J37: =IF(A37="","",IF(OR(F37>2,G37>10000),"ALTO",IF(OR(F37>1.5,G37>6000),"MEDIO","OK")))
A38: {=IFERROR(INDEX(_xlfn._xlws.SORT(_xlfn.UNIQUE(_xlfn._xlws.FILTER(tblCarga[Jogador],(tblCarga[Microciclo (Nr)]=$B$5)*(tblCarga[Tipo]="Treino")))),ROW()-8),"")} | B38: =IF(A38="","",COUNTIFS(tblCarga[Jogador],A38,tblCarga[Microciclo (Nr)],$B$5,tblCarga[Tipo],"Treino")) | C38: {=IF(A38="","",SUMPRODUCT((tblCarga[Jogador]=A38)*(tblCarga[Microciclo (Nr)]=$B$5)*(tblCarga[Tipo]="Treino")*tblCarga[PSE Sessão]*tblCarga[Duração (min)]))} | D38: =IF(A38="","",IFERROR(C38/B38,0)) | E38: {=IF(A38="","",IFERROR(STDEV(_xlfn._xlws.FILTER(tblCarga[PSE Sessão]*tblCarga[Duração (min)],(tblCarga[Jogador]=A38)*(tblCarga[Microciclo (Nr)]=$B$5)*(tblCarga[Tipo]="Treino"))),0))} | F38: =IF(A38="","",IFERROR(D38/E38,0)) | G38: =IF(A38="","",C38*F38) | H38: =IF(F38="","",IF(F38>2,"ALTO",IF(F38>1.5,"ATENCAO","OK"))) | I38: =IF(A38="","",IF(AND(G38>0,H38>0),"UP",IF(AND(G38<0,H38<0),"DOWN","STABLE"))) | J38: =IF(A38="","",IF(OR(F38>2,G38>10000),"ALTO",IF(OR(F38>1.5,G38>6000),"MEDIO","OK")))
I39: =IF(A39="","",IF(AND(G39>0,H39>0),"UP",IF(AND(G39<0,H39<0),"DOWN","STABLE")))
A40: B — EVOLUÇÃO MONOTONIA & STRAIN POR MICROCICLO (Média da Equipa — Treinos) | I40: =IF(A40="","",IF(AND(G40>0,H40>0),"UP",IF(AND(G40<0,H40<0),"DOWN","STABLE")))
A41: Microciclo | B41: Nº Treinos | C41: Nº Jogadores | D41: Carga Média Equipa (CI) | E41: Monotonia Média | F41: Strain Médio | G41: Δ Monot. vs anterior | H41: Δ Strain vs anterior | I41: =IF(A41="","",IF(AND(G41>0,H41>0),"UP",IF(AND(G41<0,H41<0),"DOWN","STABLE")))
A42: {=IFERROR(SMALL(_xlfn.UNIQUE(_xlfn._xlws.FILTER(tblCarga[Microciclo (Nr)],tblCarga[Tipo]="Treino")),ROW()-41),"")} | B42: =IF(A42="","",COUNTIFS(tblCarga[Microciclo (Nr)],A42,tblCarga[Tipo],"Treino")) | C42: {=IF(A42="","",IFERROR(ROWS(_xlfn.UNIQUE(_xlfn._xlws.FILTER(tblCarga[Jogador],(tblCarga[Microciclo (Nr)]=A42)*(tblCarga[Tipo]="Treino")))),0))} | D42: {=IF(A42="","",SUMPRODUCT((tblCarga[Microciclo (Nr)]=A42)*(tblCarga[Tipo]="Treino")*tblCarga[PSE Sessão]*tblCarga[Duração (min)])/B42)} | E42: {=IF(A42="","",IFERROR(D42/STDEV(_xlfn._xlws.FILTER(tblCarga[PSE Sessão]*tblCarga[Duração (min)],(tblCarga[Microciclo (Nr)]=A42)*(tblCarga[Tipo]="Treino"))),0))} | F42: {=IF(A42="","",SUMPRODUCT((tblCarga[Microciclo (Nr)]=A42)*(tblCarga[Tipo]="Treino")*tblCarga[PSE Sessão]*tblCarga[Duração (min)])*E42)} | G42: ="" | H42: ="" | I42: =IF(A42="","",IF(AND(G42>0,H42>0),"UP",IF(AND(G42<0,H42<0),"DOWN","STABLE")))
A43: {=IFERROR(SMALL(_xlfn.UNIQUE(_xlfn._xlws.FILTER(tblCarga[Microciclo (Nr)],tblCarga[Tipo]="Treino")),ROW()-41),"")} | B43: =IF(A43="","",COUNTIFS(tblCarga[Microciclo (Nr)],A43,tblCarga[Tipo],"Treino")) | C43: {=IF(A43="","",IFERROR(ROWS(_xlfn.UNIQUE(_xlfn._xlws.FILTER(tblCarga[Jogador],(tblCarga[Microciclo (Nr)]=A43)*(tblCarga[Tipo]="Treino")))),0))} | D43: {=IF(A43="","",SUMPRODUCT((tblCarga[Microciclo (Nr)]=A43)*(tblCarga[Tipo]="Treino")*tblCarga[PSE Sessão]*tblCarga[Duração (min)])/B43)} | E43: {=IF(A43="","",IFERROR(D43/STDEV(_xlfn._xlws.FILTER(tblCarga[PSE Sessão]*tblCarga[Duração (min)],(tblCarga[Microciclo (Nr)]=A43)*(tblCarga[Tipo]="Treino"))),0))} | F43: {=IF(A43="","",SUMPRODUCT((tblCarga[Microciclo (Nr)]=A43)*(tblCarga[Tipo]="Treino")*tblCarga[PSE Sessão]*tblCarga[Duração (min)])*E43)} | G43: =IF(A43="","",IFERROR(E43/E42-1,"—")) | H43: =IF(A43="","",IFERROR(F43/F42-1,"—")) | I43: =IF(A43="","",IF(AND(G43>0,H43>0),"UP",IF(AND(G43<0,H43<0),"DOWN","STABLE")))
A44: {=IFERROR(SMALL(_xlfn.UNIQUE(_xlfn._xlws.FILTER(tblCarga[Microciclo (Nr)],tblCarga[Tipo]="Treino")),ROW()-41),"")} | B44: =IF(A44="","",COUNTIFS(tblCarga[Microciclo (Nr)],A44,tblCarga[Tipo],"Treino")) | C44: {=IF(A44="","",IFERROR(ROWS(_xlfn.UNIQUE(_xlfn._xlws.FILTER(tblCarga[Jogador],(tblCarga[Microciclo (Nr)]=A44)*(tblCarga[Tipo]="Treino")))),0))} | D44: {=IF(A44="","",SUMPRODUCT((tblCarga[Microciclo (Nr)]=A44)*(tblCarga[Tipo]="Treino")*tblCarga[PSE Sessão]*tblCarga[Duração (min)])/B44)} | E44: {=IF(A44="","",IFERROR(D44/STDEV(_xlfn._xlws.FILTER(tblCarga[PSE Sessão]*tblCarga[Duração (min)],(tblCarga[Microciclo (Nr)]=A44)*(tblCarga[Tipo]="Treino"))),0))} | F44: {=IF(A44="","",SUMPRODUCT((tblCarga[Microciclo (Nr)]=A44)*(tblCarga[Tipo]="Treino")*tblCarga[PSE Sessão]*tblCarga[Duração (min)])*E44)} | G44: =IF(A44="","",IFERROR(E44/E43-1,"—")) | H44: =IF(A44="","",IFERROR(F44/F43-1,"—")) | I44: =IF(A44="","",IF(AND(G44>0,H44>0),"UP",IF(AND(G44<0,H44<0),"DOWN","STABLE")))
A45: {=IFERROR(SMALL(_xlfn.UNIQUE(_xlfn._xlws.FILTER(tblCarga[Microciclo (Nr)],tblCarga[Tipo]="Treino")),ROW()-41),"")} | B45: =IF(A45="","",COUNTIFS(tblCarga[Microciclo (Nr)],A45,tblCarga[Tipo],"Treino")) | C45: {=IF(A45="","",IFERROR(ROWS(_xlfn.UNIQUE(_xlfn._xlws.FILTER(tblCarga[Jogador],(tblCarga[Microciclo (Nr)]=A45)*(tblCarga[Tipo]="Treino")))),0))} | D45: {=IF(A45="","",SUMPRODUCT((tblCarga[Microciclo (Nr)]=A45)*(tblCarga[Tipo]="Treino")*tblCarga[PSE Sessão]*tblCarga[Duração (min)])/B45)} | E45: {=IF(A45="","",IFERROR(D45/STDEV(_xlfn._xlws.FILTER(tblCarga[PSE Sessão]*tblCarga[Duração (min)],(tblCarga[Microciclo (Nr)]=A45)*(tblCarga[Tipo]="Treino"))),0))} | F45: {=IF(A45="","",SUMPRODUCT((tblCarga[Microciclo (Nr)]=A45)*(tblCarga[Tipo]="Treino")*tblCarga[PSE Sessão]*tblCarga[Duração (min)])*E45)} | G45: =IF(A45="","",IFERROR(E45/E44-1,"—")) | H45: =IF(A45="","",IFERROR(F45/F44-1,"—")) | I45: =""
A46: {=IFERROR(SMALL(_xlfn.UNIQUE(_xlfn._xlws.FILTER(tblCarga[Microciclo (Nr)],tblCarga[Tipo]="Treino")),ROW()-41),"")} | B46: =IF(A46="","",COUNTIFS(tblCarga[Microciclo (Nr)],A46,tblCarga[Tipo],"Treino")) | C46: {=IF(A46="","",IFERROR(ROWS(_xlfn.UNIQUE(_xlfn._xlws.FILTER(tblCarga[Jogador],(tblCarga[Microciclo (Nr)]=A46)*(tblCarga[Tipo]="Treino")))),0))} | D46: {=IF(A46="","",SUMPRODUCT((tblCarga[Microciclo (Nr)]=A46)*(tblCarga[Tipo]="Treino")*tblCarga[PSE Sessão]*tblCarga[Duração (min)])/B46)} | E46: {=IF(A46="","",IFERROR(D46/STDEV(_xlfn._xlws.FILTER(tblCarga[PSE Sessão]*tblCarga[Duração (min)],(tblCarga[Microciclo (Nr)]=A46)*(tblCarga[Tipo]="Treino"))),0))} | F46: {=IF(A46="","",SUMPRODUCT((tblCarga[Microciclo (Nr)]=A46)*(tblCarga[Tipo]="Treino")*tblCarga[PSE Sessão]*tblCarga[Duração (min)])*E46)} | G46: =IF(A46="","",IFERROR(E46/E45-1,"—")) | H46: =IF(A46="","",IFERROR(F46/F45-1,"—")) | I46: =IF(A46="","",IF(AND(G46>0,H46>0),"UP",IF(AND(G46<0,H46<0),"DOWN","STABLE")))
A47: {=IFERROR(SMALL(_xlfn.UNIQUE(_xlfn._xlws.FILTER(tblCarga[Microciclo (Nr)],tblCarga[Tipo]="Treino")),ROW()-41),"")} | B47: =IF(A47="","",COUNTIFS(tblCarga[Microciclo (Nr)],A47,tblCarga[Tipo],"Treino")) | C47: {=IF(A47="","",IFERROR(ROWS(_xlfn.UNIQUE(_xlfn._xlws.FILTER(tblCarga[Jogador],(tblCarga[Microciclo (Nr)]=A47)*(tblCarga[Tipo]="Treino")))),0))} | D47: {=IF(A47="","",SUMPRODUCT((tblCarga[Microciclo (Nr)]=A47)*(tblCarga[Tipo]="Treino")*tblCarga[PSE Sessão]*tblCarga[Duração (min)])/B47)} | E47: {=IF(A47="","",IFERROR(D47/STDEV(_xlfn._xlws.FILTER(tblCarga[PSE Sessão]*tblCarga[Duração (min)],(tblCarga[Microciclo (Nr)]=A47)*(tblCarga[Tipo]="Treino"))),0))} | F47: {=IF(A47="","",SUMPRODUCT((tblCarga[Microciclo (Nr)]=A47)*(tblCarga[Tipo]="Treino")*tblCarga[PSE Sessão]*tblCarga[Duração (min)])*E47)} | G47: =IF(A47="","",IFERROR(E47/E46-1,"—")) | H47: =IF(A47="","",IFERROR(F47/F46-1,"—")) | I47: =""
A48: {=IFERROR(SMALL(_xlfn.UNIQUE(_xlfn._xlws.FILTER(tblCarga[Microciclo (Nr)],tblCarga[Tipo]="Treino")),ROW()-41),"")} | B48: =IF(A48="","",COUNTIFS(tblCarga[Microciclo (Nr)],A48,tblCarga[Tipo],"Treino")) | C48: {=IF(A48="","",IFERROR(ROWS(_xlfn.UNIQUE(_xlfn._xlws.FILTER(tblCarga[Jogador],(tblCarga[Microciclo (Nr)]=A48)*(tblCarga[Tipo]="Treino")))),0))} | D48: {=IF(A48="","",SUMPRODUCT((tblCarga[Microciclo (Nr)]=A48)*(tblCarga[Tipo]="Treino")*tblCarga[PSE Sessão]*tblCarga[Duração (min)])/B48)} | E48: {=IF(A48="","",IFERROR(D48/STDEV(_xlfn._xlws.FILTER(tblCarga[PSE Sessão]*tblCarga[Duração (min)],(tblCarga[Microciclo (Nr)]=A48)*(tblCarga[Tipo]="Treino"))),0))} | F48: {=IF(A48="","",SUMPRODUCT((tblCarga[Microciclo (Nr)]=A48)*(tblCarga[Tipo]="Treino")*tblCarga[PSE Sessão]*tblCarga[Duração (min)])*E48)} | G48: =IF(A48="","",IFERROR(E48/E47-1,"—")) | H48: =IF(A48="","",IFERROR(F48/F47-1,"—")) | I48: =IF(A48="","",IF(AND(G48>0,H48>0),"UP",IF(AND(G48<0,H48<0),"DOWN","STABLE")))
A49: {=IFERROR(SMALL(_xlfn.UNIQUE(_xlfn._xlws.FILTER(tblCarga[Microciclo (Nr)],tblCarga[Tipo]="Treino")),ROW()-41),"")} | B49: =IF(A49="","",COUNTIFS(tblCarga[Microciclo (Nr)],A49,tblCarga[Tipo],"Treino")) | C49: {=IF(A49="","",IFERROR(ROWS(_xlfn.UNIQUE(_xlfn._xlws.FILTER(tblCarga[Jogador],(tblCarga[Microciclo (Nr)]=A49)*(tblCarga[Tipo]="Treino")))),0))} | D49: {=IF(A49="","",SUMPRODUCT((tblCarga[Microciclo (Nr)]=A49)*(tblCarga[Tipo]="Treino")*tblCarga[PSE Sessão]*tblCarga[Duração (min)])/B49)} | E49: {=IF(A49="","",IFERROR(D49/STDEV(_xlfn._xlws.FILTER(tblCarga[PSE Sessão]*tblCarga[Duração (min)],(tblCarga[Microciclo (Nr)]=A49)*(tblCarga[Tipo]="Treino"))),0))} | F49: {=IF(A49="","",SUMPRODUCT((tblCarga[Microciclo (Nr)]=A49)*(tblCarga[Tipo]="Treino")*tblCarga[PSE Sessão]*tblCarga[Duração (min)])*E49)} | G49: =IF(A49="","",IFERROR(E49/E48-1,"—")) | H49: =IF(A49="","",IFERROR(F49/F48-1,"—")) | I49: =""
I50: =IF(A50="","",IF(AND(G50>0,H50>0),"UP",IF(AND(G50<0,H50<0),"DOWN","STABLE")))

Sheet Vmáx_Monitor
A1: 🏃 MONITORIZAÇÃO DE VELOCIDADE MÁXIMA | Recordes · Dias sem ≥90% Vmáx · Alertas
A3: A — PERFIL DE VELOCIDADE & ALERTA DE INACTIVIDADE | Todos os jogadores
A5: Jogador | B5: Posição | C5: Vmáx Record (km/h) | D5: Última Vmáx (km/h) | E5: Última Data ≥90% Vmáx | F5: Dias sem ≥90% Vmáx | G5: Última Data ≥95% Vmáx | H5: Dias sem ≥95% Vmáx | I5: Total Sessões ≥90% Vmáx | J5: % Sessões ≥90% Vmáx | K5: Alerta
A6: {=_xlfn._xlws.SORT(_xlfn.UNIQUE(tblCarga[Jogador]))} | B6: =_xlfn.XLOOKUP(A6,tblCarga[Jogador],tblCarga[Posição]) | C6: =_xlfn.MAXIFS(tblCarga[Vel. Máx (km/h)],tblCarga[Jogador],A6) | D6: {=IFERROR(INDEX(_xlfn._xlws.FILTER(tblCarga[Vel. Máx (km/h)],(tblCarga[Jogador]=A6)*(tblCarga[Data]=_xlfn.MAXIFS(tblCarga[Data],tblCarga[Jogador],A6))),1),"")} | E6: =IFERROR(_xlfn.MAXIFS(tblCarga[Data],tblCarga[Jogador],A6,tblCarga[Nº ≥90% Vmáx],">0"),"—") | F6: =IF(E6="—","—",TODAY()-E6) | G6: =IFERROR(_xlfn.MAXIFS(tblCarga[Data],tblCarga[Jogador],A6,tblCarga[Nº ≥95% Vmáx],">0"),"—") | H6: =IF(G6="—","—",TODAY()-G6) | I6: =COUNTIFS(tblCarga[Jogador],A6,tblCarga[Nº ≥90% Vmáx],">0") | J6: =I6/COUNTIF(tblCarga[Jogador],A6) | K6: =IF(F6="—","⚪ S/D",IF(F6>14,"🔴 >14d",IF(F6>7,"🟡 >7d","🟢 OK")))
A7: Capitulo | B7: =_xlfn.XLOOKUP(A7,tblCarga[Jogador],tblCarga[Posição]) | C7: =_xlfn.MAXIFS(tblCarga[Vel. Máx (km/h)],tblCarga[Jogador],A7) | D7: {=IFERROR(INDEX(_xlfn._xlws.FILTER(tblCarga[Vel. Máx (km/h)],(tblCarga[Jogador]=A7)*(tblCarga[Data]=_xlfn.MAXIFS(tblCarga[Data],tblCarga[Jogador],A7))),1),"")} | E7: =IFERROR(_xlfn.MAXIFS(tblCarga[Data],tblCarga[Jogador],A7,tblCarga[Nº ≥90% Vmáx],">0"),"—") | F7: =IF(E7="—","—",TODAY()-E7) | G7: =IFERROR(_xlfn.MAXIFS(tblCarga[Data],tblCarga[Jogador],A7,tblCarga[Nº ≥95% Vmáx],">0"),"—") | H7: =IF(G7="—","—",TODAY()-G7) | I7: =COUNTIFS(tblCarga[Jogador],A7,tblCarga[Nº ≥90% Vmáx],">0") | J7: =I7/COUNTIF(tblCarga[Jogador],A7) | K7: =IF(F7="—","⚪ S/D",IF(F7>14,"🔴 >14d",IF(F7>7,"🟡 >7d","🟢 OK")))
A8: Edu | B8: =_xlfn.XLOOKUP(A8,tblCarga[Jogador],tblCarga[Posição]) | C8: =_xlfn.MAXIFS(tblCarga[Vel. Máx (km/h)],tblCarga[Jogador],A8) | D8: {=IFERROR(INDEX(_xlfn._xlws.FILTER(tblCarga[Vel. Máx (km/h)],(tblCarga[Jogador]=A8)*(tblCarga[Data]=_xlfn.MAXIFS(tblCarga[Data],tblCarga[Jogador],A8))),1),"")} | E8: =IFERROR(_xlfn.MAXIFS(tblCarga[Data],tblCarga[Jogador],A8,tblCarga[Nº ≥90% Vmáx],">0"),"—") | F8: =IF(E8="—","—",TODAY()-E8) | G8: =IFERROR(_xlfn.MAXIFS(tblCarga[Data],tblCarga[Jogador],A8,tblCarga[Nº ≥95% Vmáx],">0"),"—") | H8: =IF(G8="—","—",TODAY()-G8) | I8: =COUNTIFS(tblCarga[Jogador],A8,tblCarga[Nº ≥90% Vmáx],">0") | J8: =I8/COUNTIF(tblCarga[Jogador],A8) | K8: =IF(F8="—","⚪ S/D",IF(F8>14,"🔴 >14d",IF(F8>7,"🟡 >7d","🟢 OK")))
A9: Enzo Hugo | B9: =_xlfn.XLOOKUP(A9,tblCarga[Jogador],tblCarga[Posição]) | C9: =_xlfn.MAXIFS(tblCarga[Vel. Máx (km/h)],tblCarga[Jogador],A9) | D9: {=IFERROR(INDEX(_xlfn._xlws.FILTER(tblCarga[Vel. Máx (km/h)],(tblCarga[Jogador]=A9)*(tblCarga[Data]=_xlfn.MAXIFS(tblCarga[Data],tblCarga[Jogador],A9))),1),"")} | E9: =IFERROR(_xlfn.MAXIFS(tblCarga[Data],tblCarga[Jogador],A9,tblCarga[Nº ≥90% Vmáx],">0"),"—") | F9: =IF(E9="—","—",TODAY()-E9) | G9: =IFERROR(_xlfn.MAXIFS(tblCarga[Data],tblCarga[Jogador],A9,tblCarga[Nº ≥95% Vmáx],">0"),"—") | H9: =IF(G9="—","—",TODAY()-G9) | I9: =COUNTIFS(tblCarga[Jogador],A9,tblCarga[Nº ≥90% Vmáx],">0") | J9: =I9/COUNTIF(tblCarga[Jogador],A9) | K9: =IF(F9="—","⚪ S/D",IF(F9>14,"🔴 >14d",IF(F9>7,"🟡 >7d","🟢 OK")))
A10: Gomes | B10: =_xlfn.XLOOKUP(A10,tblCarga[Jogador],tblCarga[Posição]) | C10: =_xlfn.MAXIFS(tblCarga[Vel. Máx (km/h)],tblCarga[Jogador],A10) | D10: {=IFERROR(INDEX(_xlfn._xlws.FILTER(tblCarga[Vel. Máx (km/h)],(tblCarga[Jogador]=A10)*(tblCarga[Data]=_xlfn.MAXIFS(tblCarga[Data],tblCarga[Jogador],A10))),1),"")} | E10: =IFERROR(_xlfn.MAXIFS(tblCarga[Data],tblCarga[Jogador],A10,tblCarga[Nº ≥90% Vmáx],">0"),"—") | F10: =IF(E10="—","—",TODAY()-E10) | G10: =IFERROR(_xlfn.MAXIFS(tblCarga[Data],tblCarga[Jogador],A10,tblCarga[Nº ≥95% Vmáx],">0"),"—") | H10: =IF(G10="—","—",TODAY()-G10) | I10: =COUNTIFS(tblCarga[Jogador],A10,tblCarga[Nº ≥90% Vmáx],">0") | J10: =I10/COUNTIF(tblCarga[Jogador],A10) | K10: =IF(F10="—","⚪ S/D",IF(F10>14,"🔴 >14d",IF(F10>7,"🟡 >7d","🟢 OK")))
A11: Nogueira | B11: =_xlfn.XLOOKUP(A11,tblCarga[Jogador],tblCarga[Posição]) | C11: =_xlfn.MAXIFS(tblCarga[Vel. Máx (km/h)],tblCarga[Jogador],A11) | D11: {=IFERROR(INDEX(_xlfn._xlws.FILTER(tblCarga[Vel. Máx (km/h)],(tblCarga[Jogador]=A11)*(tblCarga[Data]=_xlfn.MAXIFS(tblCarga[Data],tblCarga[Jogador],A11))),1),"")} | E11: =IFERROR(_xlfn.MAXIFS(tblCarga[Data],tblCarga[Jogador],A11,tblCarga[Nº ≥90% Vmáx],">0"),"—") | F11: =IF(E11="—","—",TODAY()-E11) | G11: =IFERROR(_xlfn.MAXIFS(tblCarga[Data],tblCarga[Jogador],A11,tblCarga[Nº ≥95% Vmáx],">0"),"—") | H11: =IF(G11="—","—",TODAY()-G11) | I11: =COUNTIFS(tblCarga[Jogador],A11,tblCarga[Nº ≥90% Vmáx],">0") | J11: =I11/COUNTIF(tblCarga[Jogador],A11) | K11: =IF(F11="—","⚪ S/D",IF(F11>14,"🔴 >14d",IF(F11>7,"🟡 >7d","🟢 OK")))
A12: Paulino | B12: =_xlfn.XLOOKUP(A12,tblCarga[Jogador],tblCarga[Posição]) | C12: =_xlfn.MAXIFS(tblCarga[Vel. Máx (km/h)],tblCarga[Jogador],A12) | D12: {=IFERROR(INDEX(_xlfn._xlws.FILTER(tblCarga[Vel. Máx (km/h)],(tblCarga[Jogador]=A12)*(tblCarga[Data]=_xlfn.MAXIFS(tblCarga[Data],tblCarga[Jogador],A12))),1),"")} | E12: =IFERROR(_xlfn.MAXIFS(tblCarga[Data],tblCarga[Jogador],A12,tblCarga[Nº ≥90% Vmáx],">0"),"—") | F12: =IF(E12="—","—",TODAY()-E12) | G12: =IFERROR(_xlfn.MAXIFS(tblCarga[Data],tblCarga[Jogador],A12,tblCarga[Nº ≥95% Vmáx],">0"),"—") | H12: =IF(G12="—","—",TODAY()-G12) | I12: =COUNTIFS(tblCarga[Jogador],A12,tblCarga[Nº ≥90% Vmáx],">0") | J12: =I12/COUNTIF(tblCarga[Jogador],A12) | K12: =IF(F12="—","⚪ S/D",IF(F12>14,"🔴 >14d",IF(F12>7,"🟡 >7d","🟢 OK")))
A13: Sá | B13: =_xlfn.XLOOKUP(A13,tblCarga[Jogador],tblCarga[Posição]) | C13: =_xlfn.MAXIFS(tblCarga[Vel. Máx (km/h)],tblCarga[Jogador],A13) | D13: {=IFERROR(INDEX(_xlfn._xlws.FILTER(tblCarga[Vel. Máx (km/h)],(tblCarga[Jogador]=A13)*(tblCarga[Data]=_xlfn.MAXIFS(tblCarga[Data],tblCarga[Jogador],A13))),1),"")} | E13: =IFERROR(_xlfn.MAXIFS(tblCarga[Data],tblCarga[Jogador],A13,tblCarga[Nº ≥90% Vmáx],">0"),"—") | F13: =IF(E13="—","—",TODAY()-E13) | G13: =IFERROR(_xlfn.MAXIFS(tblCarga[Data],tblCarga[Jogador],A13,tblCarga[Nº ≥95% Vmáx],">0"),"—") | H13: =IF(G13="—","—",TODAY()-G13) | I13: =COUNTIFS(tblCarga[Jogador],A13,tblCarga[Nº ≥90% Vmáx],">0") | J13: =I13/COUNTIF(tblCarga[Jogador],A13) | K13: =IF(F13="—","⚪ S/D",IF(F13>14,"🔴 >14d",IF(F13>7,"🟡 >7d","🟢 OK")))
A14: Varela | B14: =_xlfn.XLOOKUP(A14,tblCarga[Jogador],tblCarga[Posição]) | C14: =_xlfn.MAXIFS(tblCarga[Vel. Máx (km/h)],tblCarga[Jogador],A14) | D14: {=IFERROR(INDEX(_xlfn._xlws.FILTER(tblCarga[Vel. Máx (km/h)],(tblCarga[Jogador]=A14)*(tblCarga[Data]=_xlfn.MAXIFS(tblCarga[Data],tblCarga[Jogador],A14))),1),"")} | E14: =IFERROR(_xlfn.MAXIFS(tblCarga[Data],tblCarga[Jogador],A14,tblCarga[Nº ≥90% Vmáx],">0"),"—") | F14: =IF(E14="—","—",TODAY()-E14) | G14: =IFERROR(_xlfn.MAXIFS(tblCarga[Data],tblCarga[Jogador],A14,tblCarga[Nº ≥95% Vmáx],">0"),"—") | H14: =IF(G14="—","—",TODAY()-G14) | I14: =COUNTIFS(tblCarga[Jogador],A14,tblCarga[Nº ≥90% Vmáx],">0") | J14: =I14/COUNTIF(tblCarga[Jogador],A14) | K14: =IF(F14="—","⚪ S/D",IF(F14>14,"🔴 >14d",IF(F14>7,"🟡 >7d","🟢 OK")))
B15: =IFERROR(_xlfn.XLOOKUP(A15,tblCarga[Jogador],tblCarga[Posição]),"") | C15: =IF(A15="","",_xlfn.MAXIFS(tblCarga[Vel. Máx (km/h)],tblCarga[Jogador],A15)) | D15: {=IF(A15="","",IFERROR(INDEX(_xlfn._xlws.FILTER(tblCarga[Vel. Máx (km/h)],(tblCarga[Jogador]=A15)*(tblCarga[Data]=_xlfn.MAXIFS(tblCarga[Data],tblCarga[Jogador],A15))),1),""))} | E15: =IF(A15="","",IFERROR(_xlfn.MAXIFS(tblCarga[Data],tblCarga[Jogador],A15,tblCarga[Nº ≥90% Vmáx],">0"),"—")) | F15: =IF(A15="","",IF(E15="—","—",TODAY()-E15)) | G15: =IF(A15="","",IFERROR(_xlfn.MAXIFS(tblCarga[Data],tblCarga[Jogador],A15,tblCarga[Nº ≥95% Vmáx],">0"),"—")) | H15: =IF(A15="","",IF(G15="—","—",TODAY()-G15)) | I15: =IF(A15="","",COUNTIFS(tblCarga[Jogador],A15,tblCarga[Nº ≥90% Vmáx],">0")) | J15: =IF(A15="","",IFERROR(I15/COUNTIF(tblCarga[Jogador],A15),"")) | K15: =IF(A15="","",IF(F15="—","⚪ S/D",IF(F15>14,"🔴 >14d",IF(F15>7,"🟡 >7d","🟢 OK"))))
B16: =IFERROR(_xlfn.XLOOKUP(A16,tblCarga[Jogador],tblCarga[Posição]),"") | C16: =IF(A16="","",_xlfn.MAXIFS(tblCarga[Vel. Máx (km/h)],tblCarga[Jogador],A16)) | D16: {=IF(A16="","",IFERROR(INDEX(_xlfn._xlws.FILTER(tblCarga[Vel. Máx (km/h)],(tblCarga[Jogador]=A16)*(tblCarga[Data]=_xlfn.MAXIFS(tblCarga[Data],tblCarga[Jogador],A16))),1),""))} | E16: =IF(A16="","",IFERROR(_xlfn.MAXIFS(tblCarga[Data],tblCarga[Jogador],A16,tblCarga[Nº ≥90% Vmáx],">0"),"—")) | F16: =IF(A16="","",IF(E16="—","—",TODAY()-E16)) | G16: =IF(A16="","",IFERROR(_xlfn.MAXIFS(tblCarga[Data],tblCarga[Jogador],A16,tblCarga[Nº ≥95% Vmáx],">0"),"—")) | H16: =IF(A16="","",IF(G16="—","—",TODAY()-G16)) | I16: =IF(A16="","",COUNTIFS(tblCarga[Jogador],A16,tblCarga[Nº ≥90% Vmáx],">0")) | J16: =IF(A16="","",IFERROR(I16/COUNTIF(tblCarga[Jogador],A16),"")) | K16: =IF(A16="","",IF(F16="—","⚪ S/D",IF(F16>14,"🔴 >14d",IF(F16>7,"🟡 >7d","🟢 OK"))))
A37: B — HISTÓRICO DE VELOCIDADE INDIVIDUAL | Jogador selecionado
A39: Jogador: | B39: Varela
A41: Data | B41: Vel. Máx (km/h) | C41: Nº ≥85% Vmáx | D41: Nº ≥90% Vmáx | E41: Nº ≥95% Vmáx | F41: % Record
A42: {=_xlfn.SORTBY(_xlfn._xlws.FILTER(tblCarga[Data],tblCarga[Jogador]=$B$39),_xlfn._xlws.FILTER(tblCarga[Data],tblCarga[Jogador]=$B$39),1)} | B42: {=_xlfn.SORTBY(_xlfn._xlws.FILTER(tblCarga[Vel. Máx (km/h)],tblCarga[Jogador]=$B$39),_xlfn._xlws.FILTER(tblCarga[Data],tblCarga[Jogador]=$B$39),1)} | C42: {=_xlfn.SORTBY(_xlfn._xlws.FILTER(tblCarga[Nº ≥85% Vmáx],tblCarga[Jogador]=$B$39),_xlfn._xlws.FILTER(tblCarga[Data],tblCarga[Jogador]=$B$39),1)} | D42: {=_xlfn.SORTBY(_xlfn._xlws.FILTER(tblCarga[Nº ≥90% Vmáx],tblCarga[Jogador]=$B$39),_xlfn._xlws.FILTER(tblCarga[Data],tblCarga[Jogador]=$B$39),1)} | E42: {=_xlfn.SORTBY(_xlfn._xlws.FILTER(tblCarga[Nº ≥95% Vmáx],tblCarga[Jogador]=$B$39),_xlfn._xlws.FILTER(tblCarga[Data],tblCarga[Jogador]=$B$39),1)} | F42: {=_xlfn.ANCHORARRAY(B42)/_xlfn.MAXIFS(tblCarga[Vel. Máx (km/h)],tblCarga[Jogador],$B$39)}
A43: 46042 | B43: 33.7 | C43: 17 | D43: 10 | E43: 0 | F43: 0.95738636
A44: 46043 | B44: 31.3 | C44: 12 | D44: 10 | E44: 0 | F44: 0.88920455
A45: 46045 | B45: 32.3 | C45: 6 | D45: 3 | E45: 1 | F45: 0.91761364
A46: 46046 | B46: 29.4 | C46: 7 | D46: 3 | E46: 1 | F46: 0.83522727
A47: 46048 | B47: 33.6 | C47: 9 | D47: 6 | E47: 4 | F47: 0.95454545
A48: 46049 | B48: 33.6 | C48: 11 | D48: 10 | E48: 0 | F48: 0.95454545
A49: 46050 | B49: 30.5 | C49: 14 | D49: 6 | E49: 2 | F49: 0.86647727
A50: 46051 | B50: 30.2 | C50: 4 | D50: 1 | E50: 0 | F50: 0.85795455
A51: 46052 | B51: 32.6 | C51: 13 | D51: 5 | E51: 3 | F51: 0.92613636
A52: 46055 | B52: 32.2 | C52: 10 | D52: 7 | E52: 2 | F52: 0.91477273
A53: 46056 | B53: 31.3 | C53: 7 | D53: 2 | E53: 0 | F53: 0.88920455
A54: 46057 | B54: 33.3 | C54: 12 | D54: 6 | E54: 1 | F54: 0.94602273
... A93: 46138 | B93: 25 | C93: 8 | D93: 3 | E93: 1 | F93: 0.71022727

Sheet Carga_Planeada
A1: 📋 CARGA PLANEADA vs REAL | Modelo de Periodização | Belenenses
A3: A — CARGA ESPERADA POR DIA DE MICROCICLO (Referência Histórica)
A4: Dia MD | B4: Duração (min) | C4: Dist Total (m) | D4: HSR (m) | E4: Sprint (m) | F4: Acc (n) | G4: Dcc (n) | H4: PSE | I4: CI (PSE×min) | J4: CI Target (Planeada)
A5: MD-5 | B5: =IFERROR(AVERAGEIFS(tblCarga[Duração (min)],tblCarga[Dia MD],A5,tblCarga[Tipo],"Treino"),"—") | C5: =IFERROR(AVERAGEIFS(tblCarga[Distância Total (m)],tblCarga[Dia MD],A5,tblCarga[Tipo],"Treino"),"—") | D5: =IFERROR(AVERAGEIFS(tblCarga[HSR (m)],tblCarga[Dia MD],A5,tblCarga[Tipo],"Treino"),"—") | E5: =IFERROR(AVERAGEIFS(tblCarga[Sprint (m)],tblCarga[Dia MD],A5,tblCarga[Tipo],"Treino"),"—") | F5: =IFERROR(AVERAGEIFS(tblCarga[Acc (n)],tblCarga[Dia MD],A5,tblCarga[Tipo],"Treino"),"—") | G5: =IFERROR(AVERAGEIFS(tblCarga[Dcc (n)],tblCarga[Dia MD],A5,tblCarga[Tipo],"Treino"),"—") | H5: =IFERROR(AVERAGEIFS(tblCarga[PSE Sessão],tblCarga[Dia MD],A5,tblCarga[Tipo],"Treino"),"—") | I5: =IFERROR(B5*H5,"—")
A6: MD-4 | B6: =IFERROR(AVERAGEIFS(tblCarga[Duração (min)],tblCarga[Dia MD],A6,tblCarga[Tipo],"Treino"),"—") | C6: =IFERROR(AVERAGEIFS(tblCarga[Distância Total (m)],tblCarga[Dia MD],A6,tblCarga[Tipo],"Treino"),"—") | D6: =IFERROR(AVERAGEIFS(tblCarga[HSR (m)],tblCarga[Dia MD],A6,tblCarga[Tipo],"Treino"),"—") | E6: =IFERROR(AVERAGEIFS(tblCarga[Sprint (m)],tblCarga[Dia MD],A6,tblCarga[Tipo],"Treino"),"—") | F6: =IFERROR(AVERAGEIFS(tblCarga[Acc (n)],tblCarga[Dia MD],A6,tblCarga[Tipo],"Treino"),"—") | G6: =IFERROR(AVERAGEIFS(tblCarga[Dcc (n)],tblCarga[Dia MD],A6,tblCarga[Tipo],"Treino"),"—") | H6: =IFERROR(AVERAGEIFS(tblCarga[PSE Sessão],tblCarga[Dia MD],A6,tblCarga[Tipo],"Treino"),"—") | I6: =IFERROR(B6*H6,"—")
A7: MD-3 | B7: =IFERROR(AVERAGEIFS(tblCarga[Duração (min)],tblCarga[Dia MD],A7,tblCarga[Tipo],"Treino"),"—") | C7: =IFERROR(AVERAGEIFS(tblCarga[Distância Total (m)],tblCarga[Dia MD],A7,tblCarga[Tipo],"Treino"),"—") | D7: =IFERROR(AVERAGEIFS(tblCarga[HSR (m)],tblCarga[Dia MD],A7,tblCarga[Tipo],"Treino"),"—") | E7: =IFERROR(AVERAGEIFS(tblCarga[Sprint (m)],tblCarga[Dia MD],A7,tblCarga[Tipo],"Treino"),"—") | F7: =IFERROR(AVERAGEIFS(tblCarga[Acc (n)],tblCarga[Dia MD],A7,tblCarga[Tipo],"Treino"),"—") | G7: =IFERROR(AVERAGEIFS(tblCarga[Dcc (n)],tblCarga[Dia MD],A7,tblCarga[Tipo],"Treino"),"—") | H7: =IFERROR(AVERAGEIFS(tblCarga[PSE Sessão],tblCarga[Dia MD],A7,tblCarga[Tipo],"Treino"),"—") | I7: =IFERROR(B7*H7,"—")
A8: MD-2 | B8: =IFERROR(AVERAGEIFS(tblCarga[Duração (min)],tblCarga[Dia MD],A8,tblCarga[Tipo],"Treino"),"—") | C8: =IFERROR(AVERAGEIFS(tblCarga[Distância Total (m)],tblCarga[Dia MD],A8,tblCarga[Tipo],"Treino"),"—") | D8: =IFERROR(AVERAGEIFS(tblCarga[HSR (m)],tblCarga[Dia MD],A8,tblCarga[Tipo],"Treino"),"—") | E8: =IFERROR(AVERAGEIFS(tblCarga[Sprint (m)],tblCarga[Dia MD],A8,tblCarga[Tipo],"Treino"),"—") | F8: =IFERROR(AVERAGEIFS(tblCarga[Acc (n)],tblCarga[Dia MD],A8,tblCarga[Tipo],"Treino"),"—") | G8: =IFERROR(AVERAGEIFS(tblCarga[Dcc (n)],tblCarga[Dia MD],A8,tblCarga[Tipo],"Treino"),"—") | H8: =IFERROR(AVERAGEIFS(tblCarga[PSE Sessão],tblCarga[Dia MD],A8,tblCarga[Tipo],"Treino"),"—") | I8: =IFERROR(B8*H8,"—")
A9: MD-1 | B9: =IFERROR(AVERAGEIFS(tblCarga[Duração (min)],tblCarga[Dia MD],A9,tblCarga[Tipo],"Treino"),"—") | C9: =IFERROR(AVERAGEIFS(tblCarga[Distância Total (m)],tblCarga[Dia MD],A9,tblCarga[Tipo],"Treino"),"—") | D9: =IFERROR(AVERAGEIFS(tblCarga[HSR (m)],tblCarga[Dia MD],A9,tblCarga[Tipo],"Treino"),"—") | E9: =IFERROR(AVERAGEIFS(tblCarga[Sprint (m)],tblCarga[Dia MD],A9,tblCarga[Tipo],"Treino"),"—") | F9: =IFERROR(AVERAGEIFS(tblCarga[Acc (n)],tblCarga[Dia MD],A9,tblCarga[Tipo],"Treino"),"—") | G9: =IFERROR(AVERAGEIFS(tblCarga[Dcc (n)],tblCarga[Dia MD],A9,tblCarga[Tipo],"Treino"),"—") | H9: =IFERROR(AVERAGEIFS(tblCarga[PSE Sessão],tblCarga[Dia MD],A9,tblCarga[Tipo],"Treino"),"—") | I9: =IFERROR(B9*H9,"—")
A10: MD | B10: =IFERROR(AVERAGEIFS(tblCarga[Duração (min)],tblCarga[Dia MD],A10,tblCarga[Tipo],"Jogo"),"—") | C10: =IFERROR(AVERAGEIFS(tblCarga[Distância Total (m)],tblCarga[Dia MD],A10,tblCarga[Tipo],"Jogo"),"—") | D10: =IFERROR(AVERAGEIFS(tblCarga[HSR (m)],tblCarga[Dia MD],A10,tblCarga[Tipo],"Jogo"),"—") | E10: =IFERROR(AVERAGEIFS(tblCarga[Sprint (m)],tblCarga[Dia MD],A10,tblCarga[Tipo],"Jogo"),"—") | F10: =IFERROR(AVERAGEIFS(tblCarga[Acc (n)],tblCarga[Dia MD],A10,tblCarga[Tipo],"Jogo"),"—") | G10: =IFERROR(AVERAGEIFS(tblCarga[Dcc (n)],tblCarga[Dia MD],A10,tblCarga[Tipo],"Jogo"),"—") | H10: =IFERROR(AVERAGEIFS(tblCarga[PSE Sessão],tblCarga[Dia MD],A10,tblCarga[Tipo],"Jogo"),"—") | I10: =IFERROR(B10*H10,"—")
A11: MD+1 | B11: =IFERROR(AVERAGEIFS(tblCarga[Duração (min)],tblCarga[Dia MD],A11,tblCarga[Tipo],"Treino"),"—") | C11: =IFERROR(AVERAGEIFS(tblCarga[Distância Total (m)],tblCarga[Dia MD],A11,tblCarga[Tipo],"Treino"),"—") | D11: =IFERROR(AVERAGEIFS(tblCarga[HSR (m)],tblCarga[Dia MD],A11,tblCarga[Tipo],"Treino"),"—") | E11: =IFERROR(AVERAGEIFS(tblCarga[Sprint (m)],tblCarga[Dia MD],A11,tblCarga[Tipo],"Treino"),"—") | F11: =IFERROR(AVERAGEIFS(tblCarga[Acc (n)],tblCarga[Dia MD],A11,tblCarga[Tipo],"Treino"),"—") | G11: =IFERROR(AVERAGEIFS(tblCarga[Dcc (n)],tblCarga[Dia MD],A11,tblCarga[Tipo],"Treino"),"—") | H11: =IFERROR(AVERAGEIFS(tblCarga[PSE Sessão],tblCarga[Dia MD],A11,tblCarga[Tipo],"Treino"),"—") | I11: =IFERROR(B11*H11,"—")
A12: B — DESVIO REAL vs PLANEADO POR JOGADOR
A13: Microciclo: | B13: 10 | D13: Dia MD: | E13: MD-4 | G13: ℹ️ Desvio = (Real − Target) / Target. Se CI Target vazio, usa média histórica
A15: Jogador | B15: Duração (Δ%) | C15: Dist Total (Δ%) | D15: HSR (Δ%) | E15: Sprint (Δ%) | F15: Acc (Δ%) | G15: Dcc (Δ%) | H15: PSE (Δ%) | I15: CI (Δ vs Target) | J15: Alerta
A16: {=IFERROR(INDEX(_xlfn._xlws.SORT(_xlfn.UNIQUE(_xlfn._xlws.FILTER(tblCarga[Jogador],(tblCarga[Microciclo (Nr)]=$B$13)*(tblCarga[Dia MD]=$E$13)))),ROW()-15),"")} | B16: =IF(A16="","",IFERROR((AVERAGEIFS(tblCarga[Duração (min)],tblCarga[Jogador],A16,tblCarga[Microciclo (Nr)],$B$13,tblCarga[Dia MD],$E$13)-VLOOKUP($E$13,$A$5:$I$11,2,FALSE))/VLOOKUP($E$13,$A$5:$I$11,2,FALSE),"—")) | C16: =IF(A16="","",IFERROR((AVERAGEIFS(tblCarga[Distância Total (m)],tblCarga[Jogador],A16,tblCarga[Microciclo (Nr)],$B$13,tblCarga[Dia MD],$E$13)-VLOOKUP($E$13,$A$5:$I$11,3,FALSE))/VLOOKUP($E$13,$A$5:$I$11,3,FALSE),"—")) | D16: =IF(A16="","",IFERROR((AVERAGEIFS(tblCarga[HSR (m)],tblCarga[Jogador],A16,tblCarga[Microciclo (Nr)],$B$13,tblCarga[Dia MD],$E$13)-VLOOKUP($E$13,$A$5:$I$11,4,FALSE))/VLOOKUP($E$13,$A$5:$I$11,4,FALSE),"—")) | E16: =IF(A16="","",IFERROR((AVERAGEIFS(tblCarga[Sprint (m)],tblCarga[Jogador],A16,tblCarga[Microciclo (Nr)],$B$13,tblCarga[Dia MD],$E$13)-VLOOKUP($E$13,$A$5:$I$11,5,FALSE))/VLOOKUP($E$13,$A$5:$I$11,5,FALSE),"—")) | F16: =IF(A16="","",IFERROR((AVERAGEIFS(tblCarga[Acc (n)],tblCarga[Jogador],A16,tblCarga[Microciclo (Nr)],$B$13,tblCarga[Dia MD],$E$13)-VLOOKUP($E$13,$A$5:$I$11,6,FALSE))/VLOOKUP($E$13,$A$5:$I$11,6,FALSE),"—")) | G16: =IF(A16="","",IFERROR((AVERAGEIFS(tblCarga[Dcc (n)],tblCarga[Jogador],A16,tblCarga[Microciclo (Nr)],$B$13,tblCarga[Dia MD],$E$13)-VLOOKUP($E$13,$A$5:$I$11,7,FALSE))/VLOOKUP($E$13,$A$5:$I$11,7,FALSE),"—")) | H16: =IF(A16="","",IFERROR((AVERAGEIFS(tblCarga[PSE Sessão],tblCarga[Jogador],A16,tblCarga[Microciclo (Nr)],$B$13,tblCarga[Dia MD],$E$13)-VLOOKUP($E$13,$A$5:$I$11,8,FALSE))/VLOOKUP($E$13,$A$5:$I$11,8,FALSE),"—")) | I16: =IF(A16="","",IFERROR(_xlfn.LET(_xlpm.real,AVERAGEIFS(tblCarga[Duração (min)],tblCarga[Jogador],A16,tblCarga[Microciclo (Nr)],$B$13,tblCarga[Dia MD],$E$13)*AVERAGEIFS(tblCarga[PSE Sessão],tblCarga[Jogador],A16,tblCarga[Microciclo (Nr)],$B$13,tblCarga[Dia MD],$E$13),_xlpm.tgt,IF(VLOOKUP($E$13,$A$5:$J$11,10,FALSE)>0,VLOOKUP($E$13,$A$5:$J$11,10,FALSE),VLOOKUP($E$13,$A$5:$I$11,9,FALSE)),(_xlpm.real-_xlpm.tgt)/_xlpm.tgt),"—")) | J16: =IF(A16="","",IF(OR(ABS(B16)>0.25,ABS(C16)>0.25,ABS(I16)>0.25),"🟡 DESVIO","✅ OK"))
A17: {=IFERROR(INDEX(_xlfn._xlws.SORT(_xlfn.UNIQUE(_xlfn._xlws.FILTER(tblCarga[Jogador],(tblCarga[Microciclo (Nr)]=$B$13)*(tblCarga[Dia MD]=$E$13)))),ROW()-15),"")} | B17: =IF(A17="","",IFERROR((AVERAGEIFS(tblCarga[Duração (min)],tblCarga[Jogador],A17,tblCarga[Microciclo (Nr)],$B$13,tblCarga[Dia MD],$E$13)-VLOOKUP($E$13,$A$5:$I$11,2,FALSE))/VLOOKUP($E$13,$A$5:$I$11,2,FALSE),"—")) | C17: =IF(A17="","",IFERROR((AVERAGEIFS(tblCarga[Distância Total (m)],tblCarga[Jogador],A17,tblCarga[Microciclo (Nr)],$B$13,tblCarga[Dia MD],$E$13)-VLOOKUP($E$13,$A$5:$I$11,3,FALSE))/VLOOKUP($E$13,$A$5:$I$11,3,FALSE),"—")) | D17: =IF(A17="","",IFERROR((AVERAGEIFS(tblCarga[HSR (m)],tblCarga[Jogador],A17,tblCarga[Microciclo (Nr)],$B$13,tblCarga[Dia MD],$E$13)-VLOOKUP($E$13,$A$5:$I$11,4,FALSE))/VLOOKUP($E$13,$A$5:$I$11,4,FALSE),"—")) | E17: =IF(A17="","",IFERROR((AVERAGEIFS(tblCarga[Sprint (m)],tblCarga[Jogador],A17,tblCarga[Microciclo (Nr)],$B$13,tblCarga[Dia MD],$E$13)-VLOOKUP($E$13,$A$5:$I$11,5,FALSE))/VLOOKUP($E$13,$A$5:$I$11,5,FALSE),"—")) | F17: =IF(A17="","",IFERROR((AVERAGEIFS(tblCarga[Acc (n)],tblCarga[Jogador],A17,tblCarga[Microciclo (Nr)],$B$13,tblCarga[Dia MD],$E$13)-VLOOKUP($E$13,$A$5:$I$11,6,FALSE))/VLOOKUP($E$13,$A$5:$I$11,6,FALSE),"—")) | G17: =IF(A17="","",IFERROR((AVERAGEIFS(tblCarga[Dcc (n)],tblCarga[Jogador],A17,tblCarga[Microciclo (Nr)],$B$13,tblCarga[Dia MD],$E$13)-VLOOKUP($E$13,$A$5:$I$11,7,FALSE))/VLOOKUP($E$13,$A$5:$I$11,7,FALSE),"—")) | H17: =IF(A17="","",IFERROR((AVERAGEIFS(tblCarga[PSE Sessão],tblCarga[Jogador],A17,tblCarga[Microciclo (Nr)],$B$13,tblCarga[Dia MD],$E$13)-VLOOKUP($E$13,$A$5:$I$11,8,FALSE))/VLOOKUP($E$13,$A$5:$I$11,8,FALSE),"—")) | I17: =IF(A17="","",IFERROR(_xlfn.LET(_xlpm.real,AVERAGEIFS(tblCarga[Duração (min)],tblCarga[Jogador],A17,tblCarga[Microciclo (Nr)],$B$13,tblCarga[Dia MD],$E$13)*AVERAGEIFS(tblCarga[PSE Sessão],tblCarga[Jogador],A17,tblCarga[Microciclo (Nr)],$B$13,tblCarga[Dia MD],$E$13),_xlpm.tgt,IF(VLOOKUP($E$13,$A$5:$J$11,10,FALSE)>0,VLOOKUP($E$13,$A$5:$J$11,10,FALSE),VLOOKUP($E$13,$A$5:$I$11,9,FALSE)),(_xlpm.real-_xlpm.tgt)/_xlpm.tgt),"—")) | J17: =IF(A17="","",IF(OR(ABS(B17)>0.25,ABS(C17)>0.25,ABS(I17)>0.25),"🟡 DESVIO","✅ OK"))
A18: {=IFERROR(INDEX(_xlfn._xlws.SORT(_xlfn.UNIQUE(_xlfn._xlws.FILTER(tblCarga[Jogador],(tblCarga[Microciclo (Nr)]=$B$13)*(tblCarga[Dia MD]=$E$13)))),ROW()-15),"")} | B18: =IF(A18="","",IFERROR((AVERAGEIFS(tblCarga[Duração (min)],tblCarga[Jogador],A18,tblCarga[Microciclo (Nr)],$B$13,tblCarga[Dia MD],$E$13)-VLOOKUP($E$13,$A$5:$I$11,2,FALSE))/VLOOKUP($E$13,$A$5:$I$11,2,FALSE),"—")) | C18: =IF(A18="","",IFERROR((AVERAGEIFS(tblCarga[Distância Total (m)],tblCarga[Jogador],A18,tblCarga[Microciclo (Nr)],$B$13,tblCarga[Dia MD],$E$13)-VLOOKUP($E$13,$A$5:$I$11,3,FALSE))/VLOOKUP($E$13,$A$5:$I$11,3,FALSE),"—")) | D18: =IF(A18="","",IFERROR((AVERAGEIFS(tblCarga[HSR (m)],tblCarga[Jogador],A18,tblCarga[Microciclo (Nr)],$B$13,tblCarga[Dia MD],$E$13)-VLOOKUP($E$13,$A$5:$I$11,4,FALSE))/VLOOKUP($E$13,$A$5:$I$11,4,FALSE),"—")) | E18: =IF(A18="","",IFERROR((AVERAGEIFS(tblCarga[Sprint (m)],tblCarga[Jogador],A18,tblCarga[Microciclo (Nr)],$B$13,tblCarga[Dia MD],$E$13)-VLOOKUP($E$13,$A$5:$I$11,5,FALSE))/VLOOKUP($E$13,$A$5:$I$11,5,FALSE),"—")) | F18: =IF(A18="","",IFERROR((AVERAGEIFS(tblCarga[Acc (n)],tblCarga[Jogador],A18,tblCarga[Microciclo (Nr)],$B$13,tblCarga[Dia MD],$E$13)-VLOOKUP($E$13,$A$5:$I$11,6,FALSE))/VLOOKUP($E$13,$A$5:$I$11,6,FALSE),"—")) | G18: =IF(A18="","",IFERROR((AVERAGEIFS(tblCarga[Dcc (n)],tblCarga[Jogador],A18,tblCarga[Microciclo (Nr)],$B$13,tblCarga[Dia MD],$E$13)-VLOOKUP($E$13,$A$5:$I$11,7,FALSE))/VLOOKUP($E$13,$A$5:$I$11,7,FALSE),"—")) | H18: =IF(A18="","",IFERROR((AVERAGEIFS(tblCarga[PSE Sessão],tblCarga[Jogador],A18,tblCarga[Microciclo (Nr)],$B$13,tblCarga[Dia MD],$E$13)-VLOOKUP($E$13,$A$5:$I$11,8,FALSE))/VLOOKUP($E$13,$A$5:$I$11,8,FALSE),"—")) | I18: =IF(A18="","",IFERROR(_xlfn.LET(_xlpm.real,AVERAGEIFS(tblCarga[Duração (min)],tblCarga[Jogador],A18,tblCarga[Microciclo (Nr)],$B$13,tblCarga[Dia MD],$E$13)*AVERAGEIFS(tblCarga[PSE Sessão],tblCarga[Jogador],A18,tblCarga[Microciclo (Nr)],$B$13,tblCarga[Dia MD],$E$13),_xlpm.tgt,IF(VLOOKUP($E$13,$A$5:$J$11,10,FALSE)>0,VLOOKUP($E$13,$A$5:$J$11,10,FALSE),VLOOKUP($E$13,$A$5:$I$11,9,FALSE)),(_xlpm.real-_xlpm.tgt)/_xlpm.tgt),"—")) | J18: =IF(A18="","",IF(OR(ABS(B18)>0.25,ABS(C18)>0.25,ABS(I18)>0.25),"🟡 DESVIO","✅ OK"))
A19: {=IFERROR(INDEX(_xlfn._xlws.SORT(_xlfn.UNIQUE(_xlfn._xlws.FILTER(tblCarga[Jogador],(tblCarga[Microciclo (Nr)]=$B$13)*(tblCarga[Dia MD]=$E$13)))),ROW()-15),"")} | B19: =IF(A19="","",IFERROR((AVERAGEIFS(tblCarga[Duração (min)],tblCarga[Jogador],A19,tblCarga[Microciclo (Nr)],$B$13,tblCarga[Dia MD],$E$13)-VLOOKUP($E$13,$A$5:$I$11,2,FALSE))/VLOOKUP($E$13,$A$5:$I$11,2,FALSE),"—")) | C19: =IF(A19="","",IFERROR((AVERAGEIFS(tblCarga[Distância Total (m)],tblCarga[Jogador],A19,tblCarga[Microciclo (Nr)],$B$13,tblCarga[Dia MD],$E$13)-VLOOKUP($E$13,$A$5:$I$11,3,FALSE))/VLOOKUP($E$13,$A$5:$I$11,3,FALSE),"—")) | D19: =IF(A19="","",IFERROR((AVERAGEIFS(tblCarga[HSR (m)],tblCarga[Jogador],A19,tblCarga[Microciclo (Nr)],$B$13,tblCarga[Dia MD],$E$13)-VLOOKUP($E$13,$A$5:$I$11,4,FALSE))/VLOOKUP($E$13,$A$5:$I$11,4,FALSE),"—")) | E19: =IF(A19="","",IFERROR((AVERAGEIFS(tblCarga[Sprint (m)],tblCarga[Jogador],A19,tblCarga[Microciclo (Nr)],$B$13,tblCarga[Dia MD],$E$13)-VLOOKUP($E$13,$A$5:$I$11,5,FALSE))/VLOOKUP($E$13,$A$5:$I$11,5,FALSE),"—")) | F19: =IF(A19="","",IFERROR((AVERAGEIFS(tblCarga[Acc (n)],tblCarga[Jogador],A19,tblCarga[Microciclo (Nr)],$B$13,tblCarga[Dia MD],$E$13)-VLOOKUP($E$13,$A$5:$I$11,6,FALSE))/VLOOKUP($E$13,$A$5:$I$11,6,FALSE),"—")) | G19: =IF(A19="","",IFERROR((AVERAGEIFS(tblCarga[Dcc (n)],tblCarga[Jogador],A19,tblCarga[Microciclo (Nr)],$B$13,tblCarga[Dia MD],$E$13)-VLOOKUP($E$13,$A$5:$I$11,7,FALSE))/VLOOKUP($E$13,$A$5:$I$11,7,FALSE),"—")) | H19: =IF(A19="","",IFERROR((AVERAGEIFS(tblCarga[PSE Sessão],tblCarga[Jogador],A19,tblCarga[Microciclo (Nr)],$B$13,tblCarga[Dia MD],$E$13)-VLOOKUP($E$13,$A$5:$I$11,8,FALSE))/VLOOKUP($E$13,$A$5:$I$11,8,FALSE),"—")) | I19: =IF(A19="","",IFERROR(_xlfn.LET(_xlpm.real,AVERAGEIFS(tblCarga[Duração (min)],tblCarga[Jogador],A19,tblCarga[Microciclo (Nr)],$B$13,tblCarga[Dia MD],$E$13)*AVERAGEIFS(tblCarga[PSE Sessão],tblCarga[Jogador],A19,tblCarga[Microciclo (Nr)],$B$13,tblCarga[Dia MD],$E$13),_xlpm.tgt,IF(VLOOKUP($E$13,$A$5:$J$11,10,FALSE)>0,VLOOKUP($E$13,$A$5:$J$11,10,FALSE),VLOOKUP($E$13,$A$5:$I$11,9,FALSE)),(_xlpm.real-_xlpm.tgt)/_xlpm.tgt),"—")) | J19: =IF(A19="","",IF(OR(ABS(B19)>0.25,ABS(C19)>0.25,ABS(I19)>0.25),"🟡 DESVIO","✅ OK"))
A20: {=IFERROR(INDEX(_xlfn._xlws.SORT(_xlfn.UNIQUE(_xlfn._xlws.FILTER(tblCarga[Jogador],(tblCarga[Microciclo (Nr)]=$B$13)*(tblCarga[Dia MD]=$E$13)))),ROW()-15),"")} | B20: =IF(A20="","",IFERROR((AVERAGEIFS(tblCarga[Duração (min)],tblCarga[Jogador],A20,tblCarga[Microciclo (Nr)],$B$13,tblCarga[Dia MD],$E$13)-VLOOKUP($E$13,$A$5:$I$11,2,FALSE))/VLOOKUP($E$13,$A$5:$I$11,2,FALSE),"—")) | C20: =IF(A20="","",IFERROR((AVERAGEIFS(tblCarga[Distância Total (m)],tblCarga[Jogador],A20,tblCarga[Microciclo (Nr)],$B$13,tblCarga[Dia MD],$E$13)-VLOOKUP($E$13,$A$5:$I$11,3,FALSE))/VLOOKUP($E$13,$A$5:$I$11,3,FALSE),"—")) | D20: =IF(A20="","",IFERROR((AVERAGEIFS(tblCarga[HSR (m)],tblCarga[Jogador],A20,tblCarga[Microciclo (Nr)],$B$13,tblCarga[Dia MD],$E$13)-VLOOKUP($E$13,$A$5:$I$11,4,FALSE))/VLOOKUP($E$13,$A$5:$I$11,4,FALSE),"—")) | E20: =IF(A20="","",IFERROR((AVERAGEIFS(tblCarga[Sprint (m)],tblCarga[Jogador],A20,tblCarga[Microciclo (Nr)],$B$13,tblCarga[Dia MD],$E$13)-VLOOKUP($E$13,$A$5:$I$11,5,FALSE))/VLOOKUP($E$13,$A$5:$I$11,5,FALSE),"—")) | F20: =IF(A20="","",IFERROR((AVERAGEIFS(tblCarga[Acc (n)],tblCarga[Jogador],A20,tblCarga[Microciclo (Nr)],$B$13,tblCarga[Dia MD],$E$13)-VLOOKUP($E$13,$A$5:$I$11,6,FALSE))/VLOOKUP($E$13,$A$5:$I$11,6,FALSE),"—")) | G20: =IF(A20="","",IFERROR((AVERAGEIFS(tblCarga[Dcc (n)],tblCarga[Jogador],A20,tblCarga[Microciclo (Nr)],$B$13,tblCarga[Dia MD],$E$13)-VLOOKUP($E$13,$A$5:$I$11,7,FALSE))/VLOOKUP($E$13,$A$5:$I$11,7,FALSE),"—")) | H20: =IF(A20="","",IFERROR((AVERAGEIFS(tblCarga[PSE Sessão],tblCarga[Jogador],A20,tblCarga[Microciclo (Nr)],$B$13,tblCarga[Dia MD],$E$13)-VLOOKUP($E$13,$A$5:$I$11,8,FALSE))/VLOOKUP($E$13,$A$5:$I$11,8,FALSE),"—")) | I20: =IF(A20="","",IFERROR(_xlfn.LET(_xlpm.real,AVERAGEIFS(tblCarga[Duração (min)],tblCarga[Jogador],A20,tblCarga[Microciclo (Nr)],$B$13,tblCarga[Dia MD],$E$13)*AVERAGEIFS(tblCarga[PSE Sessão],tblCarga[Jogador],A20,tblCarga[Microciclo (Nr)],$B$13,tblCarga[Dia MD],$E$13),_xlpm.tgt,IF(VLOOKUP($E$13,$A$5:$J$11,10,FALSE)>0,VLOOKUP($E$13,$A$5:$J$11,10,FALSE),VLOOKUP($E$13,$A$5:$I$11,9,FALSE)),(_xlpm.real-_xlpm.tgt)/_xlpm.tgt),"—")) | J20: =IF(A20="","",IF(OR(ABS(B20)>0.25,ABS(C20)>0.25,ABS(I20)>0.25),"🟡 DESVIO","✅ OK"))
A21: {=IFERROR(INDEX(_xlfn._xlws.SORT(_xlfn.UNIQUE(_xlfn._xlws.FILTER(tblCarga[Jogador],(tblCarga[Microciclo (Nr)]=$B$13)*(tblCarga[Dia MD]=$E$13)))),ROW()-15),"")} | B21: =IF(A21="","",IFERROR((AVERAGEIFS(tblCarga[Duração (min)],tblCarga[Jogador],A21,tblCarga[Microciclo (Nr)],$B$13,tblCarga[Dia MD],$E$13)-VLOOKUP($E$13,$A$5:$I$11,2,FALSE))/VLOOKUP($E$13,$A$5:$I$11,2,FALSE),"—")) | C21: =IF(A21="","",IFERROR((AVERAGEIFS(tblCarga[Distância Total (m)],tblCarga[Jogador],A21,tblCarga[Microciclo (Nr)],$B$13,tblCarga[Dia MD],$E$13)-VLOOKUP($E$13,$A$5:$I$11,3,FALSE))/VLOOKUP($E$13,$A$5:$I$11,3,FALSE),"—")) | D21: =IF(A21="","",IFERROR((AVERAGEIFS(tblCarga[HSR (m)],tblCarga[Jogador],A21,tblCarga[Microciclo (Nr)],$B$13,tblCarga[Dia MD],$E$13)-VLOOKUP($E$13,$A$5:$I$11,4,FALSE))/VLOOKUP($E$13,$A$5:$I$11,4,FALSE),"—")) | E21: =IF(A21="","",IFERROR((AVERAGEIFS(tblCarga[Sprint (m)],tblCarga[Jogador],A21,tblCarga[Microciclo (Nr)],$B$13,tblCarga[Dia MD],$E$13)-VLOOKUP($E$13,$A$5:$I$11,5,FALSE))/VLOOKUP($E$13,$A$5:$I$11,5,FALSE),"—")) | F21: =IF(A21="","",IFERROR((AVERAGEIFS(tblCarga[Acc (n)],tblCarga[Jogador],A21,tblCarga[Microciclo (Nr)],$B$13,tblCarga[Dia MD],$E$13)-VLOOKUP($E$13,$A$5:$I$11,6,FALSE))/VLOOKUP($E$13,$A$5:$I$11,6,FALSE),"—")) | G21: =IF(A21="","",IFERROR((AVERAGEIFS(tblCarga[Dcc (n)],tblCarga[Jogador],A21,tblCarga[Microciclo (Nr)],$B$13,tblCarga[Dia MD],$E$13)-VLOOKUP($E$13,$A$5:$I$11,7,FALSE))/VLOOKUP($E$13,$A$5:$I$11,7,FALSE),"—")) | H21: =IF(A21="","",IFERROR((AVERAGEIFS(tblCarga[PSE Sessão],tblCarga[Jogador],A21,tblCarga[Microciclo (Nr)],$B$13,tblCarga[Dia MD],$E$13)-VLOOKUP($E$13,$A$5:$I$11,8,FALSE))/VLOOKUP($E$13,$A$5:$I$11,8,FALSE),"—")) | I21: =IF(A21="","",IFERROR(_xlfn.LET(_xlpm.real,AVERAGEIFS(tblCarga[Duração (min)],tblCarga[Jogador],A21,tblCarga[Microciclo (Nr)],$B$13,tblCarga[Dia MD],$E$13)*AVERAGEIFS(tblCarga[PSE Sessão],tblCarga[Jogador],A21,tblCarga[Microciclo (Nr)],$B$13,tblCarga[Dia MD],$E$13),_xlpm.tgt,IF(VLOOKUP($E$13,$A$5:$J$11,10,FALSE)>0,VLOOKUP($E$13,$A$5:$J$11,10,FALSE),VLOOKUP($E$13,$A$5:$I$11,9,FALSE)),(_xlpm.real-_xlpm.tgt)/_xlpm.tgt),"—")) | J21: =IF(A21="","",IF(OR(ABS(B21)>0.25,ABS(C21)>0.25,ABS(I21)>0.25),"🟡 DESVIO","✅ OK"))
A22: {=IFERROR(INDEX(_xlfn._xlws.SORT(_xlfn.UNIQUE(_xlfn._xlws.FILTER(tblCarga[Jogador],(tblCarga[Microciclo (Nr)]=$B$13)*(tblCarga[Dia MD]=$E$13)))),ROW()-15),"")} | B22: =IF(A22="","",IFERROR((AVERAGEIFS(tblCarga[Duração (min)],tblCarga[Jogador],A22,tblCarga[Microciclo (Nr)],$B$13,tblCarga[Dia MD],$E$13)-VLOOKUP($E$13,$A$5:$I$11,2,FALSE))/VLOOKUP($E$13,$A$5:$I$11,2,FALSE),"—")) | C22: =IF(A22="","",IFERROR((AVERAGEIFS(tblCarga[Distância Total (m)],tblCarga[Jogador],A22,tblCarga[Microciclo (Nr)],$B$13,tblCarga[Dia MD],$E$13)-VLOOKUP($E$13,$A$5:$I$11,3,FALSE))/VLOOKUP($E$13,$A$5:$I$11,3,FALSE),"—")) | D22: =IF(A22="","",IFERROR((AVERAGEIFS(tblCarga[HSR (m)],tblCarga[Jogador],A22,tblCarga[Microciclo (Nr)],$B$13,tblCarga[Dia MD],$E$13)-VLOOKUP($E$13,$A$5:$I$11,4,FALSE))/VLOOKUP($E$13,$A$5:$I$11,4,FALSE),"—")) | E22: =IF(A22="","",IFERROR((AVERAGEIFS(tblCarga[Sprint (m)],tblCarga[Jogador],A22,tblCarga[Microciclo (Nr)],$B$13,tblCarga[Dia MD],$E$13)-VLOOKUP($E$13,$A$5:$I$11,5,FALSE))/VLOOKUP($E$13,$A$5:$I$11,5,FALSE),"—")) | F22: =IF(A22="","",IFERROR((AVERAGEIFS(tblCarga[Acc (n)],tblCarga[Jogador],A22,tblCarga[Microciclo (Nr)],$B$13,tblCarga[Dia MD],$E$13)-VLOOKUP($E$13,$A$5:$I$11,6,FALSE))/VLOOKUP($E$13,$A$5:$I$11,6,FALSE),"—")) | G22: =IF(A22="","",IFERROR((AVERAGEIFS(tblCarga[Dcc (n)],tblCarga[Jogador],A22,tblCarga[Microciclo (Nr)],$B$13,tblCarga[Dia MD],$E$13)-VLOOKUP($E$13,$A$5:$I$11,7,FALSE))/VLOOKUP($E$13,$A$5:$I$11,7,FALSE),"—")) | H22: =IF(A22="","",IFERROR((AVERAGEIFS(tblCarga[PSE Sessão],tblCarga[Jogador],A22,tblCarga[Microciclo (Nr)],$B$13,tblCarga[Dia MD],$E$13)-VLOOKUP($E$13,$A$5:$I$11,8,FALSE))/VLOOKUP($E$13,$A$5:$I$11,8,FALSE),"—")) | I22: =IF(A22="","",IFERROR(_xlfn.LET(_xlpm.real,AVERAGEIFS(tblCarga[Duração (min)],tblCarga[Jogador],A22,tblCarga[Microciclo (Nr)],$B$13,tblCarga[Dia MD],$E$13)*AVERAGEIFS(tblCarga[PSE Sessão],tblCarga[Jogador],A22,tblCarga[Microciclo (Nr)],$B$13,tblCarga[Dia MD],$E$13),_xlpm.tgt,IF(VLOOKUP($E$13,$A$5:$J$11,10,FALSE)>0,VLOOKUP($E$13,$A$5:$J$11,10,FALSE),VLOOKUP($E$13,$A$5:$I$11,9,FALSE)),(_xlpm.real-_xlpm.tgt)/_xlpm.tgt),"—")) | J22: =IF(A22="","",IF(OR(ABS(B22)>0.25,ABS(C22)>0.25,ABS(I22)>0.25),"🟡 DESVIO","✅ OK"))
A23: {=IFERROR(INDEX(_xlfn._xlws.SORT(_xlfn.UNIQUE(_xlfn._xlws.FILTER(tblCarga[Jogador],(tblCarga[Microciclo (Nr)]=$B$13)*(tblCarga[Dia MD]=$E$13)))),ROW()-15),"")} | B23: =IF(A23="","",IFERROR((AVERAGEIFS(tblCarga[Duração (min)],tblCarga[Jogador],A23,tblCarga[Microciclo (Nr)],$B$13,tblCarga[Dia MD],$E$13)-VLOOKUP($E$13,$A$5:$I$11,2,FALSE))/VLOOKUP($E$13,$A$5:$I$11,2,FALSE),"—")) | C23: =IF(A23="","",IFERROR((AVERAGEIFS(tblCarga[Distância Total (m)],tblCarga[Jogador],A23,tblCarga[Microciclo (Nr)],$B$13,tblCarga[Dia MD],$E$13)-VLOOKUP($E$13,$A$5:$I$11,3,FALSE))/VLOOKUP($E$13,$A$5:$I$11,3,FALSE),"—")) | D23: =IF(A23="","",IFERROR((AVERAGEIFS(tblCarga[HSR (m)],tblCarga[Jogador],A23,tblCarga[Microciclo (Nr)],$B$13,tblCarga[Dia MD],$E$13)-VLOOKUP($E$13,$A$5:$I$11,4,FALSE))/VLOOKUP($E$13,$A$5:$I$11,4,FALSE),"—")) | E23: =IF(A23="","",IFERROR((AVERAGEIFS(tblCarga[Sprint (m)],tblCarga[Jogador],A23,tblCarga[Microciclo (Nr)],$B$13,tblCarga[Dia MD],$E$13)-VLOOKUP($E$13,$A$5:$I$11,5,FALSE))/VLOOKUP($E$13,$A$5:$I$11,5,FALSE),"—")) | F23: =IF(A23="","",IFERROR((AVERAGEIFS(tblCarga[Acc (n)],tblCarga[Jogador],A23,tblCarga[Microciclo (Nr)],$B$13,tblCarga[Dia MD],$E$13)-VLOOKUP($E$13,$A$5:$I$11,6,FALSE))/VLOOKUP($E$13,$A$5:$I$11,6,FALSE),"—")) | G23: =IF(A23="","",IFERROR((AVERAGEIFS(tblCarga[Dcc (n)],tblCarga[Jogador],A23,tblCarga[Microciclo (Nr)],$B$13,tblCarga[Dia MD],$E$13)-VLOOKUP($E$13,$A$5:$I$11,7,FALSE))/VLOOKUP($E$13,$A$5:$I$11,7,FALSE),"—")) | H23: =IF(A23="","",IFERROR((AVERAGEIFS(tblCarga[PSE Sessão],tblCarga[Jogador],A23,tblCarga[Microciclo (Nr)],$B$13,tblCarga[Dia MD],$E$13)-VLOOKUP($E$13,$A$5:$I$11,8,FALSE))/VLOOKUP($E$13,$A$5:$I$11,8,FALSE),"—")) | I23: =IF(A23="","",IFERROR(_xlfn.LET(_xlpm.real,AVERAGEIFS(tblCarga[Duração (min)],tblCarga[Jogador],A23,tblCarga[Microciclo (Nr)],$B$13,tblCarga[Dia MD],$E$13)*AVERAGEIFS(tblCarga[PSE Sessão],tblCarga[Jogador],A23,tblCarga[Microciclo (Nr)],$B$13,tblCarga[Dia MD],$E$13),_xlpm.tgt,IF(VLOOKUP($E$13,$A$5:$J$11,10,FALSE)>0,VLOOKUP($E$13,$A$5:$J$11,10,FALSE),VLOOKUP($E$13,$A$5:$I$11,9,FALSE)),(_xlpm.real-_xlpm.tgt)/_xlpm.tgt),"—")) | J23: =IF(A23="","",IF(OR(ABS(B23)>0.25,ABS(C23)>0.25,ABS(I23)>0.25),"🟡 DESVIO","✅ OK"))
A24: {=IFERROR(INDEX(_xlfn._xlws.SORT(_xlfn.UNIQUE(_xlfn._xlws.FILTER(tblCarga[Jogador],(tblCarga[Microciclo (Nr)]=$B$13)*(tblCarga[Dia MD]=$E$13)))),ROW()-15),"")} | B24: =IF(A24="","",IFERROR((AVERAGEIFS(tblCarga[Duração (min)],tblCarga[Jogador],A24,tblCarga[Microciclo (Nr)],$B$13,tblCarga[Dia MD],$E$13)-VLOOKUP($E$13,$A$5:$I$11,2,FALSE))/VLOOKUP($E$13,$A$5:$I$11,2,FALSE),"—")) | C24: =IF(A24="","",IFERROR((AVERAGEIFS(tblCarga[Distância Total (m)],tblCarga[Jogador],A24,tblCarga[Microciclo (Nr)],$B$13,tblCarga[Dia MD],$E$13)-VLOOKUP($E$13,$A$5:$I$11,3,FALSE))/VLOOKUP($E$13,$A$5:$I$11,3,FALSE),"—")) | D24: =IF(A24="","",IFERROR((AVERAGEIFS(tblCarga[HSR (m)],tblCarga[Jogador],A24,tblCarga[Microciclo (Nr)],$B$13,tblCarga[Dia MD],$E$13)-VLOOKUP($E$13,$A$5:$I$11,4,FALSE))/VLOOKUP($E$13,$A$5:$I$11,4,FALSE),"—")) | E24: =IF(A24="","",IFERROR((AVERAGEIFS(tblCarga[Sprint (m)],tblCarga[Jogador],A24,tblCarga[Microciclo (Nr)],$B$13,tblCarga[Dia MD],$E$13)-VLOOKUP($E$13,$A$5:$I$11,5,FALSE))/VLOOKUP($E$13,$A$5:$I$11,5,FALSE),"—")) | F24: =IF(A24="","",IFERROR((AVERAGEIFS(tblCarga[Acc (n)],tblCarga[Jogador],A24,tblCarga[Microciclo (Nr)],$B$13,tblCarga[Dia MD],$E$13)-VLOOKUP($E$13,$A$5:$I$11,6,FALSE))/VLOOKUP($E$13,$A$5:$I$11,6,FALSE),"—")) | G24: =IF(A24="","",IFERROR((AVERAGEIFS(tblCarga[Dcc (n)],tblCarga[Jogador],A24,tblCarga[Microciclo (Nr)],$B$13,tblCarga[Dia MD],$E$13)-VLOOKUP($E$13,$A$5:$I$11,7,FALSE))/VLOOKUP($E$13,$A$5:$I$11,7,FALSE),"—")) | H24: =IF(A24="","",IFERROR((AVERAGEIFS(tblCarga[PSE Sessão],tblCarga[Jogador],A24,tblCarga[Microciclo (Nr)],$B$13,tblCarga[Dia MD],$E$13)-VLOOKUP($E$13,$A$5:$I$11,8,FALSE))/VLOOKUP($E$13,$A$5:$I$11,8,FALSE),"—")) | I24: =IF(A24="","",IFERROR(_xlfn.LET(_xlpm.real,AVERAGEIFS(tblCarga[Duração (min)],tblCarga[Jogador],A24,tblCarga[Microciclo (Nr)],$B$13,tblCarga[Dia MD],$E$13)*AVERAGEIFS(tblCarga[PSE Sessão],tblCarga[Jogador],A24,tblCarga[Microciclo (Nr)],$B$13,tblCarga[Dia MD],$E$13),_xlpm.tgt,IF(VLOOKUP($E$13,$A$5:$J$11,10,FALSE)>0,VLOOKUP($E$13,$A$5:$J$11,10,FALSE),VLOOKUP($E$13,$A$5:$I$11,9,FALSE)),(_xlpm.real-_xlpm.tgt)/_xlpm.tgt),"—")) | J24: =IF(A24="","",IF(OR(ABS(B24)>0.25,ABS(C24)>0.25,ABS(I24)>0.25),"🟡 DESVIO","✅ OK"))
A25: {=IFERROR(INDEX(_xlfn._xlws.SORT(_xlfn.UNIQUE(_xlfn._xlws.FILTER(tblCarga[Jogador],(tblCarga[Microciclo (Nr)]=$B$13)*(tblCarga[Dia MD]=$E$13)))),ROW()-15),"")} | B25: =IF(A25="","",IFERROR((AVERAGEIFS(tblCarga[Duração (min)],tblCarga[Jogador],A25,tblCarga[Microciclo (Nr)],$B$13,tblCarga[Dia MD],$E$13)-VLOOKUP($E$13,$A$5:$I$10,2,FALSE))/VLOOKUP($E$13,$A$5:$I$10,2,FALSE),"—")) | C25: =IF(A25="","",IFERROR((AVERAGEIFS(tblCarga[Distância Total (m)],tblCarga[Jogador],A25,tblCarga[Microciclo (Nr)],$B$13,tblCarga[Dia MD],$E$13)-VLOOKUP($E$13,$A$5:$I$10,3,FALSE))/VLOOKUP($E$13,$A$5:$I$10,3,FALSE),"—")) | D25: =IF(A25="","",IFERROR((AVERAGEIFS(tblCarga[HSR (m)],tblCarga[Jogador],A25,tblCarga[Microciclo (Nr)],$B$13,tblCarga[Dia MD],$E$13)-VLOOKUP($E$13,$A$5:$I$10,4,FALSE))/VLOOKUP($E$13,$A$5:$I$10,4,FALSE),"—")) | E25: =IF(A25="","",IFERROR((AVERAGEIFS(tblCarga[Sprint (m)],tblCarga[Jogador],A25,tblCarga[Microciclo (Nr)],$B$13,tblCarga[Dia MD],$E$13)-VLOOKUP($E$13,$A$5:$I$10,5,FALSE))/VLOOKUP($E$13,$A$5:$I$10,5,FALSE),"—")) | F25: =IF(A25="","",IFERROR((AVERAGEIFS(tblCarga[Acc (n)],tblCarga[Jogador],A25,tblCarga[Microciclo (Nr)],$B$13,tblCarga[Dia MD],$E$13)-VLOOKUP($E$13,$A$5:$I$10,6,FALSE))/VLOOKUP($E$13,$A$5:$I$10,6,FALSE),"—")) | G25: =IF(A25="","",IFERROR((AVERAGEIFS(tblCarga[Dcc (n)],tblCarga[Jogador],A25,tblCarga[Microciclo (Nr)],$B$13,tblCarga[Dia MD],$E$13)-VLOOKUP($E$13,$A$5:$I$10,7,FALSE))/VLOOKUP($E$13,$A$5:$I$10,7,FALSE),"—")) | H25: =IF(A25="","",IFERROR((AVERAGEIFS(tblCarga[PSE Sessão],tblCarga[Jogador],A25,tblCarga[Microciclo (Nr)],$B$13,tblCarga[Dia MD],$E$13)-VLOOKUP($E$13,$A$5:$I$10,8,FALSE))/VLOOKUP($E$13,$A$5:$I$10,8,FALSE),"—")) | I25: =IF(A25="","",IFERROR(_xlfn.LET(_xlpm.real,AVERAGEIFS(tblCarga[Duração (min)],tblCarga[Jogador],A25,tblCarga[Microciclo (Nr)],$B$13,tblCarga[Dia MD],$E$13)*AVERAGEIFS(tblCarga[PSE Sessão],tblCarga[Jogador],A25,tblCarga[Microciclo (Nr)],$B$13,tblCarga[Dia MD],$E$13),_xlpm.tgt,IF(VLOOKUP($E$13,$A$5:$J$11,10,FALSE)>0,VLOOKUP($E$13,$A$5:$J$11,10,FALSE),VLOOKUP($E$13,$A$5:$I$11,9,FALSE)),(_xlpm.real-_xlpm.tgt)/_xlpm.tgt),"—")) | J25: =IF(A25="","",IF(OR(ABS(B25)>0.25,ABS(C25)>0.25,ABS(I25)>0.25),"🟡 DESVIO","✅ OK"))
A26: {=IFERROR(INDEX(_xlfn._xlws.SORT(_xlfn.UNIQUE(_xlfn._xlws.FILTER(tblCarga[Jogador],(tblCarga[Microciclo (Nr)]=$B$13)*(tblCarga[Dia MD]=$E$13)))),ROW()-15),"")} | B26: =IF(A26="","",IFERROR((AVERAGEIFS(tblCarga[Duração (min)],tblCarga[Jogador],A26,tblCarga[Microciclo (Nr)],$B$13,tblCarga[Dia MD],$E$13)-VLOOKUP($E$13,$A$5:$I$10,2,FALSE))/VLOOKUP($E$13,$A$5:$I$10,2,FALSE),"—")) | C26: =IF(A26="","",IFERROR((AVERAGEIFS(tblCarga[Distância Total (m)],tblCarga[Jogador],A26,tblCarga[Microciclo (Nr)],$B$13,tblCarga[Dia MD],$E$13)-VLOOKUP($E$13,$A$5:$I$10,3,FALSE))/VLOOKUP($E$13,$A$5:$I$10,3,FALSE),"—")) | D26: =IF(A26="","",IFERROR((AVERAGEIFS(tblCarga[HSR (m)],tblCarga[Jogador],A26,tblCarga[Microciclo (Nr)],$B$13,tblCarga[Dia MD],$E$13)-VLOOKUP($E$13,$A$5:$I$10,4,FALSE))/VLOOKUP($E$13,$A$5:$I$10,4,FALSE),"—")) | E26: =IF(A26="","",IFERROR((AVERAGEIFS(tblCarga[Sprint (m)],tblCarga[Jogador],A26,tblCarga[Microciclo (Nr)],$B$13,tblCarga[Dia MD],$E$13)-VLOOKUP($E$13,$A$5:$I$10,5,FALSE))/VLOOKUP($E$13,$A$5:$I$10,5,FALSE),"—")) | F26: =IF(A26="","",IFERROR((AVERAGEIFS(tblCarga[Acc (n)],tblCarga[Jogador],A26,tblCarga[Microciclo (Nr)],$B$13,tblCarga[Dia MD],$E$13)-VLOOKUP($E$13,$A$5:$I$10,6,FALSE))/VLOOKUP($E$13,$A$5:$I$10,6,FALSE),"—")) | G26: =IF(A26="","",IFERROR((AVERAGEIFS(tblCarga[Dcc (n)],tblCarga[Jogador],A26,tblCarga[Microciclo (Nr)],$B$13,tblCarga[Dia MD],$E$13)-VLOOKUP($E$13,$A$5:$I$10,7,FALSE))/VLOOKUP($E$13,$A$5:$I$10,7,FALSE),"—")) | H26: =IF(A26="","",IFERROR((AVERAGEIFS(tblCarga[PSE Sessão],tblCarga[Jogador],A26,tblCarga[Microciclo (Nr)],$B$13,tblCarga[Dia MD],$E$13)-VLOOKUP($E$13,$A$5:$I$10,8,FALSE))/VLOOKUP($E$13,$A$5:$I$10,8,FALSE),"—")) | I26: =IF(A26="","",IFERROR(_xlfn.LET(_xlpm.real,AVERAGEIFS(tblCarga[Duração (min)],tblCarga[Jogador],A26,tblCarga[Microciclo (Nr)],$B$13,tblCarga[Dia MD],$E$13)*AVERAGEIFS(tblCarga[PSE Sessão],tblCarga[Jogador],A26,tblCarga[Microciclo (Nr)],$B$13,tblCarga[Dia MD],$E$13),_xlpm.tgt,IF(VLOOKUP($E$13,$A$5:$J$11,10,FALSE)>0,VLOOKUP($E$13,$A$5:$J$11,10,FALSE),VLOOKUP($E$13,$A$5:$I$11,9,FALSE)),(_xlpm.real-_xlpm.tgt)/_xlpm.tgt),"—")) | J26: =IF(A26="","",IF(OR(ABS(B26)>0.25,ABS(C26)>0.25,ABS(I26)>0.25),"🟡 DESVIO","✅ OK"))
A27: {=IFERROR(INDEX(_xlfn._xlws.SORT(_xlfn.UNIQUE(_xlfn._xlws.FILTER(tblCarga[Jogador],(tblCarga[Microciclo (Nr)]=$B$13)*(tblCarga[Dia MD]=$E$13)))),ROW()-15),"")} | B27: =IF(A27="","",IFERROR((AVERAGEIFS(tblCarga[Duração (min)],tblCarga[Jogador],A27,tblCarga[Microciclo (Nr)],$B$13,tblCarga[Dia MD],$E$13)-VLOOKUP($E$13,$A$5:$I$11,2,FALSE))/VLOOKUP($E$13,$A$5:$I$11,2,FALSE),"—")) | C27: =IF(A27="","",IFERROR((AVERAGEIFS(tblCarga[Distância Total (m)],tblCarga[Jogador],A27,tblCarga[Microciclo (Nr)],$B$13,tblCarga[Dia MD],$E$13)-VLOOKUP($E$13,$A$5:$I$11,3,FALSE))/VLOOKUP($E$13,$A$5:$I$11,3,FALSE),"—")) | D27: =IF(A27="","",IFERROR((AVERAGEIFS(tblCarga[HSR (m)],tblCarga[Jogador],A27,tblCarga[Microciclo (Nr)],$B$13,tblCarga[Dia MD],$E$13)-VLOOKUP($E$13,$A$5:$I$11,4,FALSE))/VLOOKUP($E$13,$A$5:$I$11,4,FALSE),"—")) | E27: =IF(A27="","",IFERROR((AVERAGEIFS(tblCarga[Sprint (m)],tblCarga[Jogador],A27,tblCarga[Microciclo (Nr)],$B$13,tblCarga[Dia MD],$E$13)-VLOOKUP($E$13,$A$5:$I$11,5,FALSE))/VLOOKUP($E$13,$A$5:$I$11,5,FALSE),"—")) | F27: =IF(A27="","",IFERROR((AVERAGEIFS(tblCarga[Acc (n)],tblCarga[Jogador],A27,tblCarga[Microciclo (Nr)],$B$13,tblCarga[Dia MD],$E$13)-VLOOKUP($E$13,$A$5:$I$11,6,FALSE))/VLOOKUP($E$13,$A$5:$I$11,6,FALSE),"—")) | G27: =IF(A27="","",IFERROR((AVERAGEIFS(tblCarga[Dcc (n)],tblCarga[Jogador],A27,tblCarga[Microciclo (Nr)],$B$13,tblCarga[Dia MD],$E$13)-VLOOKUP($E$13,$A$5:$I$11,7,FALSE))/VLOOKUP($E$13,$A$5:$I$11,7,FALSE),"—")) | H27: =IF(A27="","",IFERROR((AVERAGEIFS(tblCarga[PSE Sessão],tblCarga[Jogador],A27,tblCarga[Microciclo (Nr)],$B$13,tblCarga[Dia MD],$E$13)-VLOOKUP($E$13,$A$5:$I$11,8,FALSE))/VLOOKUP($E$13,$A$5:$I$11,8,FALSE),"—")) | I27: =IF(A27="","",IFERROR(_xlfn.LET(_xlpm.real,AVERAGEIFS(tblCarga[Duração (min)],tblCarga[Jogador],A27,tblCarga[Microciclo (Nr)],$B$13,tblCarga[Dia MD],$E$13)*AVERAGEIFS(tblCarga[PSE Sessão],tblCarga[Jogador],A27,tblCarga[Microciclo (Nr)],$B$13,tblCarga[Dia MD],$E$13),_xlpm.tgt,IF(VLOOKUP($E$13,$A$5:$J$11,10,FALSE)>0,VLOOKUP($E$13,$A$5:$J$11,10,FALSE),VLOOKUP($E$13,$A$5:$I$11,9,FALSE)),(_xlpm.real-_xlpm.tgt)/_xlpm.tgt),"—")) | J27: =IF(A27="","",IF(OR(ABS(B27)>0.25,ABS(C27)>0.25,ABS(I27)>0.25),"🟡 DESVIO","✅ OK"))
A28: {=IFERROR(INDEX(_xlfn._xlws.SORT(_xlfn.UNIQUE(_xlfn._xlws.FILTER(tblCarga[Jogador],(tblCarga[Microciclo (Nr)]=$B$13)*(tblCarga[Dia MD]=$E$13)))),ROW()-15),"")} | B28: =IF(A28="","",IFERROR((AVERAGEIFS(tblCarga[Duração (min)],tblCarga[Jogador],A28,tblCarga[Microciclo (Nr)],$B$13,tblCarga[Dia MD],$E$13)-VLOOKUP($E$13,$A$5:$I$11,2,FALSE))/VLOOKUP($E$13,$A$5:$I$11,2,FALSE),"—")) | C28: =IF(A28="","",IFERROR((AVERAGEIFS(tblCarga[Distância Total (m)],tblCarga[Jogador],A28,tblCarga[Microciclo (Nr)],$B$13,tblCarga[Dia MD],$E$13)-VLOOKUP($E$13,$A$5:$I$11,3,FALSE))/VLOOKUP($E$13,$A$5:$I$11,3,FALSE),"—")) | D28: =IF(A28="","",IFERROR((AVERAGEIFS(tblCarga[HSR (m)],tblCarga[Jogador],A28,tblCarga[Microciclo (Nr)],$B$13,tblCarga[Dia MD],$E$13)-VLOOKUP($E$13,$A$5:$I$11,4,FALSE))/VLOOKUP($E$13,$A$5:$I$11,4,FALSE),"—")) | E28: =IF(A28="","",IFERROR((AVERAGEIFS(tblCarga[Sprint (m)],tblCarga[Jogador],A28,tblCarga[Microciclo (Nr)],$B$13,tblCarga[Dia MD],$E$13)-VLOOKUP($E$13,$A$5:$I$11,5,FALSE))/VLOOKUP($E$13,$A$5:$I$11,5,FALSE),"—")) | F28: =IF(A28="","",IFERROR((AVERAGEIFS(tblCarga[Acc (n)],tblCarga[Jogador],A28,tblCarga[Microciclo (Nr)],$B$13,tblCarga[Dia MD],$E$13)-VLOOKUP($E$13,$A$5:$I$11,6,FALSE))/VLOOKUP($E$13,$A$5:$I$11,6,FALSE),"—")) | G28: =IF(A28="","",IFERROR((AVERAGEIFS(tblCarga[Dcc (n)],tblCarga[Jogador],A28,tblCarga[Microciclo (Nr)],$B$13,tblCarga[Dia MD],$E$13)-VLOOKUP($E$13,$A$5:$I$11,7,FALSE))/VLOOKUP($E$13,$A$5:$I$11,7,FALSE),"—")) | H28: =IF(A28="","",IFERROR((AVERAGEIFS(tblCarga[PSE Sessão],tblCarga[Jogador],A28,tblCarga[Microciclo (Nr)],$B$13,tblCarga[Dia MD],$E$13)-VLOOKUP($E$13,$A$5:$I$11,8,FALSE))/VLOOKUP($E$13,$A$5:$I$11,8,FALSE),"—")) | I28: =IF(A28="","",IFERROR(_xlfn.LET(_xlpm.real,AVERAGEIFS(tblCarga[Duração (min)],tblCarga[Jogador],A28,tblCarga[Microciclo (Nr)],$B$13,tblCarga[Dia MD],$E$13)*AVERAGEIFS(tblCarga[PSE Sessão],tblCarga[Jogador],A28,tblCarga[Microciclo (Nr)],$B$13,tblCarga[Dia MD],$E$13),_xlpm.tgt,IF(VLOOKUP($E$13,$A$5:$J$11,10,FALSE)>0,VLOOKUP($E$13,$A$5:$J$11,10,FALSE),VLOOKUP($E$13,$A$5:$I$11,9,FALSE)),(_xlpm.real-_xlpm.tgt)/_xlpm.tgt),"—")) | J28: =IF(A28="","",IF(OR(ABS(B28)>0.25,ABS(C28)>0.25,ABS(I28)>0.25),"🟡 DESVIO","✅ OK"))
A29: {=IFERROR(INDEX(_xlfn._xlws.SORT(_xlfn.UNIQUE(_xlfn._xlws.FILTER(tblCarga[Jogador],(tblCarga[Microciclo (Nr)]=$B$13)*(tblCarga[Dia MD]=$E$13)))),ROW()-15),"")} | B29: =IF(A29="","",IFERROR((AVERAGEIFS(tblCarga[Duração (min)],tblCarga[Jogador],A29,tblCarga[Microciclo (Nr)],$B$13,tblCarga[Dia MD],$E$13)-VLOOKUP($E$13,$A$5:$I$11,2,FALSE))/VLOOKUP($E$13,$A$5:$I$11,2,FALSE),"—")) | C29: =IF(A29="","",IFERROR((AVERAGEIFS(tblCarga[Distância Total (m)],tblCarga[Jogador],A29,tblCarga[Microciclo (Nr)],$B$13,tblCarga[Dia MD],$E$13)-VLOOKUP($E$13,$A$5:$I$11,3,FALSE))/VLOOKUP($E$13,$A$5:$I$11,3,FALSE),"—")) | D29: =IF(A29="","",IFERROR((AVERAGEIFS(tblCarga[HSR (m)],tblCarga[Jogador],A29,tblCarga[Microciclo (Nr)],$B$13,tblCarga[Dia MD],$E$13)-VLOOKUP($E$13,$A$5:$I$11,4,FALSE))/VLOOKUP($E$13,$A$5:$I$11,4,FALSE),"—")) | E29: =IF(A29="","",IFERROR((AVERAGEIFS(tblCarga[Sprint (m)],tblCarga[Jogador],A29,tblCarga[Microciclo (Nr)],$B$13,tblCarga[Dia MD],$E$13)-VLOOKUP($E$13,$A$5:$I$11,5,FALSE))/VLOOKUP($E$13,$A$5:$I$11,5,FALSE),"—")) | F29: =IF(A29="","",IFERROR((AVERAGEIFS(tblCarga[Acc (n)],tblCarga[Jogador],A29,tblCarga[Microciclo (Nr)],$B$13,tblCarga[Dia MD],$E$13)-VLOOKUP($E$13,$A$5:$I$11,6,FALSE))/VLOOKUP($E$13,$A$5:$I$11,6,FALSE),"—")) | G29: =IF(A29="","",IFERROR((AVERAGEIFS(tblCarga[Dcc (n)],tblCarga[Jogador],A29,tblCarga[Microciclo (Nr)],$B$13,tblCarga[Dia MD],$E$13)-VLOOKUP($E$13,$A$5:$I$11,7,FALSE))/VLOOKUP($E$13,$A$5:$I$11,7,FALSE),"—")) | H29: =IF(A29="","",IFERROR((AVERAGEIFS(tblCarga[PSE Sessão],tblCarga[Jogador],A29,tblCarga[Microciclo (Nr)],$B$13,tblCarga[Dia MD],$E$13)-VLOOKUP($E$13,$A$5:$I$11,8,FALSE))/VLOOKUP($E$13,$A$5:$I$11,8,FALSE),"—")) | I29: =IF(A29="","",IFERROR(_xlfn.LET(_xlpm.real,AVERAGEIFS(tblCarga[Duração (min)],tblCarga[Jogador],A29,tblCarga[Microciclo (Nr)],$B$13,tblCarga[Dia MD],$E$13)*AVERAGEIFS(tblCarga[PSE Sessão],tblCarga[Jogador],A29,tblCarga[Microciclo (Nr)],$B$13,tblCarga[Dia MD],$E$13),_xlpm.tgt,IF(VLOOKUP($E$13,$A$5:$J$11,10,FALSE)>0,VLOOKUP($E$13,$A$5:$J$11,10,FALSE),VLOOKUP($E$13,$A$5:$I$11,9,FALSE)),(_xlpm.real-_xlpm.tgt)/_xlpm.tgt),"—")) | J29: =IF(A29="","",IF(OR(ABS(B29)>0.25,ABS(C29)>0.25,ABS(I29)>0.25),"🟡 DESVIO","✅ OK"))
A30: {=IFERROR(INDEX(_xlfn._xlws.SORT(_xlfn.UNIQUE(_xlfn._xlws.FILTER(tblCarga[Jogador],(tblCarga[Microciclo (Nr)]=$B$13)*(tblCarga[Dia MD]=$E$13)))),ROW()-15),"")} | B30: =IF(A30="","",IFERROR((AVERAGEIFS(tblCarga[Duração (min)],tblCarga[Jogador],A30,tblCarga[Microciclo (Nr)],$B$13,tblCarga[Dia MD],$E$13)-VLOOKUP($E$13,$A$5:$I$11,2,FALSE))/VLOOKUP($E$13,$A$5:$I$11,2,FALSE),"—")) | C30: =IF(A30="","",IFERROR((AVERAGEIFS(tblCarga[Distância Total (m)],tblCarga[Jogador],A30,tblCarga[Microciclo (Nr)],$B$13,tblCarga[Dia MD],$E$13)-VLOOKUP($E$13,$A$5:$I$11,3,FALSE))/VLOOKUP($E$13,$A$5:$I$11,3,FALSE),"—")) | D30: =IF(A30="","",IFERROR((AVERAGEIFS(tblCarga[HSR (m)],tblCarga[Jogador],A30,tblCarga[Microciclo (Nr)],$B$13,tblCarga[Dia MD],$E$13)-VLOOKUP($E$13,$A$5:$I$11,4,FALSE))/VLOOKUP($E$13,$A$5:$I$11,4,FALSE),"—")) | E30: =IF(A30="","",IFERROR((AVERAGEIFS(tblCarga[Sprint (m)],tblCarga[Jogador],A30,tblCarga[Microciclo (Nr)],$B$13,tblCarga[Dia MD],$E$13)-VLOOKUP($E$13,$A$5:$I$11,5,FALSE))/VLOOKUP($E$13,$A$5:$I$11,5,FALSE),"—")) | F30: =IF(A30="","",IFERROR((AVERAGEIFS(tblCarga[Acc (n)],tblCarga[Jogador],A30,tblCarga[Microciclo (Nr)],$B$13,tblCarga[Dia MD],$E$13)-VLOOKUP($E$13,$A$5:$I$11,6,FALSE))/VLOOKUP($E$13,$A$5:$I$11,6,FALSE),"—")) | G30: =IF(A30="","",IFERROR((AVERAGEIFS(tblCarga[Dcc (n)],tblCarga[Jogador],A30,tblCarga[Microciclo (Nr)],$B$13,tblCarga[Dia MD],$E$13)-VLOOKUP($E$13,$A$5:$I$11,7,FALSE))/VLOOKUP($E$13,$A$5:$I$11,7,FALSE),"—")) | H30: =IF(A30="","",IFERROR((AVERAGEIFS(tblCarga[PSE Sessão],tblCarga[Jogador],A30,tblCarga[Microciclo (Nr)],$B$13,tblCarga[Dia MD],$E$13)-VLOOKUP($E$13,$A$5:$I$11,8,FALSE))/VLOOKUP($E$13,$A$5:$I$11,8,FALSE),"—")) | I30: =IF(A30="","",IFERROR(_xlfn.LET(_xlpm.real,AVERAGEIFS(tblCarga[Duração (min)],tblCarga[Jogador],A30,tblCarga[Microciclo (Nr)],$B$13,tblCarga[Dia MD],$E$13)*AVERAGEIFS(tblCarga[PSE Sessão],tblCarga[Jogador],A30,tblCarga[Microciclo (Nr)],$B$13,tblCarga[Dia MD],$E$13),_xlpm.tgt,IF(VLOOKUP($E$13,$A$5:$J$11,10,FALSE)>0,VLOOKUP($E$13,$A$5:$J$11,10,FALSE),VLOOKUP($E$13,$A$5:$I$11,9,FALSE)),(_xlpm.real-_xlpm.tgt)/_xlpm.tgt),"—")) | J30: =IF(A30="","",IF(OR(ABS(B30)>0.25,ABS(C30)>0.25,ABS(I30)>0.25),"🟡 DESVIO","✅ OK"))
A31: {=IFERROR(INDEX(_xlfn._xlws.SORT(_xlfn.UNIQUE(_xlfn._xlws.FILTER(tblCarga[Jogador],(tblCarga[Microciclo (Nr)]=$B$13)*(tblCarga[Dia MD]=$E$13)))),ROW()-15),"")} | B31: =IF(A31="","",IFERROR((AVERAGEIFS(tblCarga[Duração (min)],tblCarga[Jogador],A31,tblCarga[Microciclo (Nr)],$B$13,tblCarga[Dia MD],$E$13)-VLOOKUP($E$13,$A$5:$I$11,2,FALSE))/VLOOKUP($E$13,$A$5:$I$11,2,FALSE),"—")) | C31: =IF(A31="","",IFERROR((AVERAGEIFS(tblCarga[Distância Total (m)],tblCarga[Jogador],A31,tblCarga[Microciclo (Nr)],$B$13,tblCarga[Dia MD],$E$13)-VLOOKUP($E$13,$A$5:$I$11,3,FALSE))/VLOOKUP($E$13,$A$5:$I$11,3,FALSE),"—")) | D31: =IF(A31="","",IFERROR((AVERAGEIFS(tblCarga[HSR (m)],tblCarga[Jogador],A31,tblCarga[Microciclo (Nr)],$B$13,tblCarga[Dia MD],$E$13)-VLOOKUP($E$13,$A$5:$I$11,4,FALSE))/VLOOKUP($E$13,$A$5:$I$11,4,FALSE),"—")) | E31: =IF(A31="","",IFERROR((AVERAGEIFS(tblCarga[Sprint (m)],tblCarga[Jogador],A31,tblCarga[Microciclo (Nr)],$B$13,tblCarga[Dia MD],$E$13)-VLOOKUP($E$13,$A$5:$I$11,5,FALSE))/VLOOKUP($E$13,$A$5:$I$11,5,FALSE),"—")) | F31: =IF(A31="","",IFERROR((AVERAGEIFS(tblCarga[Acc (n)],tblCarga[Jogador],A31,tblCarga[Microciclo (Nr)],$B$13,tblCarga[Dia MD],$E$13)-VLOOKUP($E$13,$A$5:$I$11,6,FALSE))/VLOOKUP($E$13,$A$5:$I$11,6,FALSE),"—")) | G31: =IF(A31="","",IFERROR((AVERAGEIFS(tblCarga[Dcc (n)],tblCarga[Jogador],A31,tblCarga[Microciclo (Nr)],$B$13,tblCarga[Dia MD],$E$13)-VLOOKUP($E$13,$A$5:$I$11,7,FALSE))/VLOOKUP($E$13,$A$5:$I$11,7,FALSE),"—")) | H31: =IF(A31="","",IFERROR((AVERAGEIFS(tblCarga[PSE Sessão],tblCarga[Jogador],A31,tblCarga[Microciclo (Nr)],$B$13,tblCarga[Dia MD],$E$13)-VLOOKUP($E$13,$A$5:$I$11,8,FALSE))/VLOOKUP($E$13,$A$5:$I$11,8,FALSE),"—")) | I31: =IF(A31="","",IFERROR(_xlfn.LET(_xlpm.real,AVERAGEIFS(tblCarga[Duração (min)],tblCarga[Jogador],A31,tblCarga[Microciclo (Nr)],$B$13,tblCarga[Dia MD],$E$13)*AVERAGEIFS(tblCarga[PSE Sessão],tblCarga[Jogador],A31,tblCarga[Microciclo (Nr)],$B$13,tblCarga[Dia MD],$E$13),_xlpm.tgt,IF(VLOOKUP($E$13,$A$5:$J$11,10,FALSE)>0,VLOOKUP($E$13,$A$5:$J$11,10,FALSE),VLOOKUP($E$13,$A$5:$I$11,9,FALSE)),(_xlpm.real-_xlpm.tgt)/_xlpm.tgt),"—")) | J31: =IF(A31="","",IF(OR(ABS(B31)>0.25,ABS(C31)>0.25,ABS(I31)>0.25),"🟡 DESVIO","✅ OK"))
A32: {=IFERROR(INDEX(_xlfn._xlws.SORT(_xlfn.UNIQUE(_xlfn._xlws.FILTER(tblCarga[Jogador],(tblCarga[Microciclo (Nr)]=$B$13)*(tblCarga[Dia MD]=$E$13)))),ROW()-15),"")} | B32: =IF(A32="","",IFERROR((AVERAGEIFS(tblCarga[Duração (min)],tblCarga[Jogador],A32,tblCarga[Microciclo (Nr)],$B$13,tblCarga[Dia MD],$E$13)-VLOOKUP($E$13,$A$5:$I$11,2,FALSE))/VLOOKUP($E$13,$A$5:$I$11,2,FALSE),"—")) | C32: =IF(A32="","",IFERROR((AVERAGEIFS(tblCarga[Distância Total (m)],tblCarga[Jogador],A32,tblCarga[Microciclo (Nr)],$B$13,tblCarga[Dia MD],$E$13)-VLOOKUP($E$13,$A$5:$I$11,3,FALSE))/VLOOKUP($E$13,$A$5:$I$11,3,FALSE),"—")) | D32: =IF(A32="","",IFERROR((AVERAGEIFS(tblCarga[HSR (m)],tblCarga[Jogador],A32,tblCarga[Microciclo (Nr)],$B$13,tblCarga[Dia MD],$E$13)-VLOOKUP($E$13,$A$5:$I$11,4,FALSE))/VLOOKUP($E$13,$A$5:$I$11,4,FALSE),"—")) | E32: =IF(A32="","",IFERROR((AVERAGEIFS(tblCarga[Sprint (m)],tblCarga[Jogador],A32,tblCarga[Microciclo (Nr)],$B$13,tblCarga[Dia MD],$E$13)-VLOOKUP($E$13,$A$5:$I$11,5,FALSE))/VLOOKUP($E$13,$A$5:$I$11,5,FALSE),"—")) | F32: =IF(A32="","",IFERROR((AVERAGEIFS(tblCarga[Acc (n)],tblCarga[Jogador],A32,tblCarga[Microciclo (Nr)],$B$13,tblCarga[Dia MD],$E$13)-VLOOKUP($E$13,$A$5:$I$11,6,FALSE))/VLOOKUP($E$13,$A$5:$I$11,6,FALSE),"—")) | G32: =IF(A32="","",IFERROR((AVERAGEIFS(tblCarga[Dcc (n)],tblCarga[Jogador],A32,tblCarga[Microciclo (Nr)],$B$13,tblCarga[Dia MD],$E$13)-VLOOKUP($E$13,$A$5:$I$11,7,FALSE))/VLOOKUP($E$13,$A$5:$I$11,7,FALSE),"—")) | H32: =IF(A32="","",IFERROR((AVERAGEIFS(tblCarga[PSE Sessão],tblCarga[Jogador],A32,tblCarga[Microciclo (Nr)],$B$13,tblCarga[Dia MD],$E$13)-VLOOKUP($E$13,$A$5:$I$11,8,FALSE))/VLOOKUP($E$13,$A$5:$I$11,8,FALSE),"—")) | I32: =IF(A32="","",IFERROR(_xlfn.LET(_xlpm.real,AVERAGEIFS(tblCarga[Duração (min)],tblCarga[Jogador],A32,tblCarga[Microciclo (Nr)],$B$13,tblCarga[Dia MD],$E$13)*AVERAGEIFS(tblCarga[PSE Sessão],tblCarga[Jogador],A32,tblCarga[Microciclo (Nr)],$B$13,tblCarga[Dia MD],$E$13),_xlpm.tgt,IF(VLOOKUP($E$13,$A$5:$J$11,10,FALSE)>0,VLOOKUP($E$13,$A$5:$J$11,10,FALSE),VLOOKUP($E$13,$A$5:$I$11,9,FALSE)),(_xlpm.real-_xlpm.tgt)/_xlpm.tgt),"—")) | J32: =IF(A32="","",IF(OR(ABS(B32)>0.25,ABS(C32)>0.25,ABS(I32)>0.25),"🟡 DESVIO","✅ OK"))
A33: {=IFERROR(INDEX(_xlfn._xlws.SORT(_xlfn.UNIQUE(_xlfn._xlws.FILTER(tblCarga[Jogador],(tblCarga[Microciclo (Nr)]=$B$13)*(tblCarga[Dia MD]=$E$13)))),ROW()-15),"")} | B33: =IF(A33="","",IFERROR((AVERAGEIFS(tblCarga[Duração (min)],tblCarga[Jogador],A33,tblCarga[Microciclo (Nr)],$B$13,tblCarga[Dia MD],$E$13)-VLOOKUP($E$13,$A$5:$I$10,2,FALSE))/VLOOKUP($E$13,$A$5:$I$10,2,FALSE),"—")) | C33: =IF(A33="","",IFERROR((AVERAGEIFS(tblCarga[Distância Total (m)],tblCarga[Jogador],A33,tblCarga[Microciclo (Nr)],$B$13,tblCarga[Dia MD],$E$13)-VLOOKUP($E$13,$A$5:$I$10,3,FALSE))/VLOOKUP($E$13,$A$5:$I$10,3,FALSE),"—")) | D33: =IF(A33="","",IFERROR((AVERAGEIFS(tblCarga[HSR (m)],tblCarga[Jogador],A33,tblCarga[Microciclo (Nr)],$B$13,tblCarga[Dia MD],$E$13)-VLOOKUP($E$13,$A$5:$I$10,4,FALSE))/VLOOKUP($E$13,$A$5:$I$10,4,FALSE),"—")) | E33: =IF(A33="","",IFERROR((AVERAGEIFS(tblCarga[Sprint (m)],tblCarga[Jogador],A33,tblCarga[Microciclo (Nr)],$B$13,tblCarga[Dia MD],$E$13)-VLOOKUP($E$13,$A$5:$I$10,5,FALSE))/VLOOKUP($E$13,$A$5:$I$10,5,FALSE),"—")) | F33: =IF(A33="","",IFERROR((AVERAGEIFS(tblCarga[Acc (n)],tblCarga[Jogador],A33,tblCarga[Microciclo (Nr)],$B$13,tblCarga[Dia MD],$E$13)-VLOOKUP($E$13,$A$5:$I$10,6,FALSE))/VLOOKUP($E$13,$A$5:$I$10,6,FALSE),"—")) | G33: =IF(A33="","",IFERROR((AVERAGEIFS(tblCarga[Dcc (n)],tblCarga[Jogador],A33,tblCarga[Microciclo (Nr)],$B$13,tblCarga[Dia MD],$E$13)-VLOOKUP($E$13,$A$5:$I$10,7,FALSE))/VLOOKUP($E$13,$A$5:$I$10,7,FALSE),"—")) | H33: =IF(A33="","",IFERROR((AVERAGEIFS(tblCarga[PSE Sessão],tblCarga[Jogador],A33,tblCarga[Microciclo (Nr)],$B$13,tblCarga[Dia MD],$E$13)-VLOOKUP($E$13,$A$5:$I$10,8,FALSE))/VLOOKUP($E$13,$A$5:$I$10,8,FALSE),"—")) | I33: =IF(A33="","",IFERROR(_xlfn.LET(_xlpm.real,AVERAGEIFS(tblCarga[Duração (min)],tblCarga[Jogador],A33,tblCarga[Microciclo (Nr)],$B$13,tblCarga[Dia MD],$E$13)*AVERAGEIFS(tblCarga[PSE Sessão],tblCarga[Jogador],A33,tblCarga[Microciclo (Nr)],$B$13,tblCarga[Dia MD],$E$13),_xlpm.tgt,IF(VLOOKUP($E$13,$A$5:$J$11,10,FALSE)>0,VLOOKUP($E$13,$A$5:$J$11,10,FALSE),VLOOKUP($E$13,$A$5:$I$11,9,FALSE)),(_xlpm.real-_xlpm.tgt)/_xlpm.tgt),"—")) | J33: =IF(A33="","",IF(OR(ABS(B33)>0.25,ABS(C33)>0.25,ABS(I33)>0.25),"🟡 DESVIO","✅ OK"))
A34: {=IFERROR(INDEX(_xlfn._xlws.SORT(_xlfn.UNIQUE(_xlfn._xlws.FILTER(tblCarga[Jogador],(tblCarga[Microciclo (Nr)]=$B$13)*(tblCarga[Dia MD]=$E$13)))),ROW()-15),"")} | B34: =IF(A34="","",IFERROR((AVERAGEIFS(tblCarga[Duração (min)],tblCarga[Jogador],A34,tblCarga[Microciclo (Nr)],$B$13,tblCarga[Dia MD],$E$13)-VLOOKUP($E$13,$A$5:$I$10,2,FALSE))/VLOOKUP($E$13,$A$5:$I$10,2,FALSE),"—")) | C34: =IF(A34="","",IFERROR((AVERAGEIFS(tblCarga[Distância Total (m)],tblCarga[Jogador],A34,tblCarga[Microciclo (Nr)],$B$13,tblCarga[Dia MD],$E$13)-VLOOKUP($E$13,$A$5:$I$10,3,FALSE))/VLOOKUP($E$13,$A$5:$I$10,3,FALSE),"—")) | D34: =IF(A34="","",IFERROR((AVERAGEIFS(tblCarga[HSR (m)],tblCarga[Jogador],A34,tblCarga[Microciclo (Nr)],$B$13,tblCarga[Dia MD],$E$13)-VLOOKUP($E$13,$A$5:$I$10,4,FALSE))/VLOOKUP($E$13,$A$5:$I$10,4,FALSE),"—")) | E34: =IF(A34="","",IFERROR((AVERAGEIFS(tblCarga[Sprint (m)],tblCarga[Jogador],A34,tblCarga[Microciclo (Nr)],$B$13,tblCarga[Dia MD],$E$13)-VLOOKUP($E$13,$A$5:$I$10,5,FALSE))/VLOOKUP($E$13,$A$5:$I$10,5,FALSE),"—")) | F34: =IF(A34="","",IFERROR((AVERAGEIFS(tblCarga[Acc (n)],tblCarga[Jogador],A34,tblCarga[Microciclo (Nr)],$B$13,tblCarga[Dia MD],$E$13)-VLOOKUP($E$13,$A$5:$I$10,6,FALSE))/VLOOKUP($E$13,$A$5:$I$10,6,FALSE),"—")) | G34: =IF(A34="","",IFERROR((AVERAGEIFS(tblCarga[Dcc (n)],tblCarga[Jogador],A34,tblCarga[Microciclo (Nr)],$B$13,tblCarga[Dia MD],$E$13)-VLOOKUP($E$13,$A$5:$I$10,7,FALSE))/VLOOKUP($E$13,$A$5:$I$10,7,FALSE),"—")) | H34: =IF(A34="","",IFERROR((AVERAGEIFS(tblCarga[PSE Sessão],tblCarga[Jogador],A34,tblCarga[Microciclo (Nr)],$B$13,tblCarga[Dia MD],$E$13)-VLOOKUP($E$13,$A$5:$I$10,8,FALSE))/VLOOKUP($E$13,$A$5:$I$10,8,FALSE),"—")) | I34: =IF(A34="","",IFERROR(_xlfn.LET(_xlpm.real,AVERAGEIFS(tblCarga[Duração (min)],tblCarga[Jogador],A34,tblCarga[Microciclo (Nr)],$B$13,tblCarga[Dia MD],$E$13)*AVERAGEIFS(tblCarga[PSE Sessão],tblCarga[Jogador],A34,tblCarga[Microciclo (Nr)],$B$13,tblCarga[Dia MD],$E$13),_xlpm.tgt,IF(VLOOKUP($E$13,$A$5:$J$11,10,FALSE)>0,VLOOKUP($E$13,$A$5:$J$11,10,FALSE),VLOOKUP($E$13,$A$5:$I$11,9,FALSE)),(_xlpm.real-_xlpm.tgt)/_xlpm.tgt),"—")) | J34: =IF(A34="","",IF(OR(ABS(B34)>0.25,ABS(C34)>0.25,ABS(I34)>0.25),"🟡 DESVIO","✅ OK"))
A35: {=IFERROR(INDEX(_xlfn._xlws.SORT(_xlfn.UNIQUE(_xlfn._xlws.FILTER(tblCarga[Jogador],(tblCarga[Microciclo (Nr)]=$B$13)*(tblCarga[Dia MD]=$E$13)))),ROW()-15),"")} | B35: =IF(A35="","",IFERROR((AVERAGEIFS(tblCarga[Duração (min)],tblCarga[Jogador],A35,tblCarga[Microciclo (Nr)],$B$13,tblCarga[Dia MD],$E$13)-VLOOKUP($E$13,$A$5:$I$10,2,FALSE))/VLOOKUP($E$13,$A$5:$I$10,2,FALSE),"—")) | C35: =IF(A35="","",IFERROR((AVERAGEIFS(tblCarga[Distância Total (m)],tblCarga[Jogador],A35,tblCarga[Microciclo (Nr)],$B$13,tblCarga[Dia MD],$E$13)-VLOOKUP($E$13,$A$5:$I$10,3,FALSE))/VLOOKUP($E$13,$A$5:$I$10,3,FALSE),"—")) | D35: =IF(A35="","",IFERROR((AVERAGEIFS(tblCarga[HSR (m)],tblCarga[Jogador],A35,tblCarga[Microciclo (Nr)],$B$13,tblCarga[Dia MD],$E$13)-VLOOKUP($E$13,$A$5:$I$10,4,FALSE))/VLOOKUP($E$13,$A$5:$I$10,4,FALSE),"—")) | E35: =IF(A35="","",IFERROR((AVERAGEIFS(tblCarga[Sprint (m)],tblCarga[Jogador],A35,tblCarga[Microciclo (Nr)],$B$13,tblCarga[Dia MD],$E$13)-VLOOKUP($E$13,$A$5:$I$10,5,FALSE))/VLOOKUP($E$13,$A$5:$I$10,5,FALSE),"—")) | F35: =IF(A35="","",IFERROR((AVERAGEIFS(tblCarga[Acc (n)],tblCarga[Jogador],A35,tblCarga[Microciclo (Nr)],$B$13,tblCarga[Dia MD],$E$13)-VLOOKUP($E$13,$A$5:$I$10,6,FALSE))/VLOOKUP($E$13,$A$5:$I$10,6,FALSE),"—")) | G35: =IF(A35="","",IFERROR((AVERAGEIFS(tblCarga[Dcc (n)],tblCarga[Jogador],A35,tblCarga[Microciclo (Nr)],$B$13,tblCarga[Dia MD],$E$13)-VLOOKUP($E$13,$A$5:$I$10,7,FALSE))/VLOOKUP($E$13,$A$5:$I$10,7,FALSE),"—")) | H35: =IF(A35="","",IFERROR((AVERAGEIFS(tblCarga[PSE Sessão],tblCarga[Jogador],A35,tblCarga[Microciclo (Nr)],$B$13,tblCarga[Dia MD],$E$13)-VLOOKUP($E$13,$A$5:$I$10,8,FALSE))/VLOOKUP($E$13,$A$5:$I$10,8,FALSE),"—")) | I35: =IF(A35="","",IFERROR(_xlfn.LET(_xlpm.real,AVERAGEIFS(tblCarga[Duração (min)],tblCarga[Jogador],A35,tblCarga[Microciclo (Nr)],$B$13,tblCarga[Dia MD],$E$13)*AVERAGEIFS(tblCarga[PSE Sessão],tblCarga[Jogador],A35,tblCarga[Microciclo (Nr)],$B$13,tblCarga[Dia MD],$E$13),_xlpm.tgt,IF(VLOOKUP($E$13,$A$5:$J$11,10,FALSE)>0,VLOOKUP($E$13,$A$5:$J$11,10,FALSE),VLOOKUP($E$13,$A$5:$I$11,9,FALSE)),(_xlpm.real-_xlpm.tgt)/_xlpm.tgt),"—")) | J35: =IF(A35="","",IF(OR(ABS(B35)>0.25,ABS(C35)>0.25,ABS(I35)>0.25),"🟡 DESVIO","✅ OK"))
A36: {=IFERROR(INDEX(_xlfn._xlws.SORT(_xlfn.UNIQUE(_xlfn._xlws.FILTER(tblCarga[Jogador],(tblCarga[Microciclo (Nr)]=$B$13)*(tblCarga[Dia MD]=$E$13)))),ROW()-15),"")} | B36: =IF(A36="","",IFERROR((AVERAGEIFS(tblCarga[Duração (min)],tblCarga[Jogador],A36,tblCarga[Microciclo (Nr)],$B$13,tblCarga[Dia MD],$E$13)-VLOOKUP($E$13,$A$5:$I$10,2,FALSE))/VLOOKUP($E$13,$A$5:$I$10,2,FALSE),"—")) | C36: =IF(A36="","",IFERROR((AVERAGEIFS(tblCarga[Distância Total (m)],tblCarga[Jogador],A36,tblCarga[Microciclo (Nr)],$B$13,tblCarga[Dia MD],$E$13)-VLOOKUP($E$13,$A$5:$I$10,3,FALSE))/VLOOKUP($E$13,$A$5:$I$10,3,FALSE),"—")) | D36: =IF(A36="","",IFERROR((AVERAGEIFS(tblCarga[HSR (m)],tblCarga[Jogador],A36,tblCarga[Microciclo (Nr)],$B$13,tblCarga[Dia MD],$E$13)-VLOOKUP($E$13,$A$5:$I$10,4,FALSE))/VLOOKUP($E$13,$A$5:$I$10,4,FALSE),"—")) | E36: =IF(A36="","",IFERROR((AVERAGEIFS(tblCarga[Sprint (m)],tblCarga[Jogador],A36,tblCarga[Microciclo (Nr)],$B$13,tblCarga[Dia MD],$E$13)-VLOOKUP($E$13,$A$5:$I$10,5,FALSE))/VLOOKUP($E$13,$A$5:$I$10,5,FALSE),"—")) | F36: =IF(A36="","",IFERROR((AVERAGEIFS(tblCarga[Acc (n)],tblCarga[Jogador],A36,tblCarga[Microciclo (Nr)],$B$13,tblCarga[Dia MD],$E$13)-VLOOKUP($E$13,$A$5:$I$10,6,FALSE))/VLOOKUP($E$13,$A$5:$I$10,6,FALSE),"—")) | G36: =IF(A36="","",IFERROR((AVERAGEIFS(tblCarga[Dcc (n)],tblCarga[Jogador],A36,tblCarga[Microciclo (Nr)],$B$13,tblCarga[Dia MD],$E$13)-VLOOKUP($E$13,$A$5:$I$10,7,FALSE))/VLOOKUP($E$13,$A$5:$I$10,7,FALSE),"—")) | H36: =IF(A36="","",IFERROR((AVERAGEIFS(tblCarga[PSE Sessão],tblCarga[Jogador],A36,tblCarga[Microciclo (Nr)],$B$13,tblCarga[Dia MD],$E$13)-VLOOKUP($E$13,$A$5:$I$10,8,FALSE))/VLOOKUP($E$13,$A$5:$I$10,8,FALSE),"—")) | I36: =IF(A36="","",IFERROR(_xlfn.LET(_xlpm.real,AVERAGEIFS(tblCarga[Duração (min)],tblCarga[Jogador],A36,tblCarga[Microciclo (Nr)],$B$13,tblCarga[Dia MD],$E$13)*AVERAGEIFS(tblCarga[PSE Sessão],tblCarga[Jogador],A36,tblCarga[Microciclo (Nr)],$B$13,tblCarga[Dia MD],$E$13),_xlpm.tgt,IF(VLOOKUP($E$13,$A$5:$J$11,10,FALSE)>0,VLOOKUP($E$13,$A$5:$J$11,10,FALSE),VLOOKUP($E$13,$A$5:$I$11,9,FALSE)),(_xlpm.real-_xlpm.tgt)/_xlpm.tgt),"—")) | J36: =IF(A36="","",IF(OR(ABS(B36)>0.25,ABS(C36)>0.25,ABS(I36)>0.25),"🟡 DESVIO","✅ OK"))
A37: {=IFERROR(INDEX(_xlfn._xlws.SORT(_xlfn.UNIQUE(_xlfn._xlws.FILTER(tblCarga[Jogador],(tblCarga[Microciclo (Nr)]=$B$13)*(tblCarga[Dia MD]=$E$13)))),ROW()-15),"")} | B37: =IF(A37="","",IFERROR((AVERAGEIFS(tblCarga[Duração (min)],tblCarga[Jogador],A37,tblCarga[Microciclo (Nr)],$B$13,tblCarga[Dia MD],$E$13)-VLOOKUP($E$13,$A$5:$I$10,2,FALSE))/VLOOKUP($E$13,$A$5:$I$10,2,FALSE),"—")) | C37: =IF(A37="","",IFERROR((AVERAGEIFS(tblCarga[Distância Total (m)],tblCarga[Jogador],A37,tblCarga[Microciclo (Nr)],$B$13,tblCarga[Dia MD],$E$13)-VLOOKUP($E$13,$A$5:$I$10,3,FALSE))/VLOOKUP($E$13,$A$5:$I$10,3,FALSE),"—")) | D37: =IF(A37="","",IFERROR((AVERAGEIFS(tblCarga[HSR (m)],tblCarga[Jogador],A37,tblCarga[Microciclo (Nr)],$B$13,tblCarga[Dia MD],$E$13)-VLOOKUP($E$13,$A$5:$I$10,4,FALSE))/VLOOKUP($E$13,$A$5:$I$10,4,FALSE),"—")) | E37: =IF(A37="","",IFERROR((AVERAGEIFS(tblCarga[Sprint (m)],tblCarga[Jogador],A37,tblCarga[Microciclo (Nr)],$B$13,tblCarga[Dia MD],$E$13)-VLOOKUP($E$13,$A$5:$I$10,5,FALSE))/VLOOKUP($E$13,$A$5:$I$10,5,FALSE),"—")) | F37: =IF(A37="","",IFERROR((AVERAGEIFS(tblCarga[Acc (n)],tblCarga[Jogador],A37,tblCarga[Microciclo (Nr)],$B$13,tblCarga[Dia MD],$E$13)-VLOOKUP($E$13,$A$5:$I$10,6,FALSE))/VLOOKUP($E$13,$A$5:$I$10,6,FALSE),"—")) | G37: =IF(A37="","",IFERROR((AVERAGEIFS(tblCarga[Dcc (n)],tblCarga[Jogador],A37,tblCarga[Microciclo (Nr)],$B$13,tblCarga[Dia MD],$E$13)-VLOOKUP($E$13,$A$5:$I$10,7,FALSE))/VLOOKUP($E$13,$A$5:$I$10,7,FALSE),"—")) | H37: =IF(A37="","",IFERROR((AVERAGEIFS(tblCarga[PSE Sessão],tblCarga[Jogador],A37,tblCarga[Microciclo (Nr)],$B$13,tblCarga[Dia MD],$E$13)-VLOOKUP($E$13,$A$5:$I$10,8,FALSE))/VLOOKUP($E$13,$A$5:$I$10,8,FALSE),"—")) | I37: =IF(A37="","",IFERROR(_xlfn.LET(_xlpm.real,AVERAGEIFS(tblCarga[Duração (min)],tblCarga[Jogador],A37,tblCarga[Microciclo (Nr)],$B$13,tblCarga[Dia MD],$E$13)*AVERAGEIFS(tblCarga[PSE Sessão],tblCarga[Jogador],A37,tblCarga[Microciclo (Nr)],$B$13,tblCarga[Dia MD],$E$13),_xlpm.tgt,IF(VLOOKUP($E$13,$A$5:$J$11,10,FALSE)>0,VLOOKUP($E$13,$A$5:$J$11,10,FALSE),VLOOKUP($E$13,$A$5:$I$11,9,FALSE)),(_xlpm.real-_xlpm.tgt)/_xlpm.tgt),"—")) | J37: =IF(A37="","",IF(OR(ABS(B37)>0.25,ABS(C37)>0.25,ABS(I37)>0.25),"🟡 DESVIO","✅ OK"))
A38: {=IFERROR(INDEX(_xlfn._xlws.SORT(_xlfn.UNIQUE(_xlfn._xlws.FILTER(tblCarga[Jogador],(tblCarga[Microciclo (Nr)]=$B$13)*(tblCarga[Dia MD]=$E$13)))),ROW()-15),"")} | B38: =IF(A38="","",IFERROR((AVERAGEIFS(tblCarga[Duração (min)],tblCarga[Jogador],A38,tblCarga[Microciclo (Nr)],$B$13,tblCarga[Dia MD],$E$13)-VLOOKUP($E$13,$A$5:$I$10,2,FALSE))/VLOOKUP($E$13,$A$5:$I$10,2,FALSE),"—")) | C38: =IF(A38="","",IFERROR((AVERAGEIFS(tblCarga[Distância Total (m)],tblCarga[Jogador],A38,tblCarga[Microciclo (Nr)],$B$13,tblCarga[Dia MD],$E$13)-VLOOKUP($E$13,$A$5:$I$10,3,FALSE))/VLOOKUP($E$13,$A$5:$I$10,3,FALSE),"—")) | D38: =IF(A38="","",IFERROR((AVERAGEIFS(tblCarga[HSR (m)],tblCarga[Jogador],A38,tblCarga[Microciclo (Nr)],$B$13,tblCarga[Dia MD],$E$13)-VLOOKUP($E$13,$A$5:$I$10,4,FALSE))/VLOOKUP($E$13,$A$5:$I$10,4,FALSE),"—")) | E38: =IF(A38="","",IFERROR((AVERAGEIFS(tblCarga[Sprint (m)],tblCarga[Jogador],A38,tblCarga[Microciclo (Nr)],$B$13,tblCarga[Dia MD],$E$13)-VLOOKUP($E$13,$A$5:$I$10,5,FALSE))/VLOOKUP($E$13,$A$5:$I$10,5,FALSE),"—")) | F38: =IF(A38="","",IFERROR((AVERAGEIFS(tblCarga[Acc (n)],tblCarga[Jogador],A38,tblCarga[Microciclo (Nr)],$B$13,tblCarga[Dia MD],$E$13)-VLOOKUP($E$13,$A$5:$I$10,6,FALSE))/VLOOKUP($E$13,$A$5:$I$10,6,FALSE),"—")) | G38: =IF(A38="","",IFERROR((AVERAGEIFS(tblCarga[Dcc (n)],tblCarga[Jogador],A38,tblCarga[Microciclo (Nr)],$B$13,tblCarga[Dia MD],$E$13)-VLOOKUP($E$13,$A$5:$I$10,7,FALSE))/VLOOKUP($E$13,$A$5:$I$10,7,FALSE),"—")) | H38: =IF(A38="","",IFERROR((AVERAGEIFS(tblCarga[PSE Sessão],tblCarga[Jogador],A38,tblCarga[Microciclo (Nr)],$B$13,tblCarga[Dia MD],$E$13)-VLOOKUP($E$13,$A$5:$I$10,8,FALSE))/VLOOKUP($E$13,$A$5:$I$10,8,FALSE),"—")) | I38: =IF(A38="","",IFERROR(_xlfn.LET(_xlpm.real,AVERAGEIFS(tblCarga[Duração (min)],tblCarga[Jogador],A38,tblCarga[Microciclo (Nr)],$B$13,tblCarga[Dia MD],$E$13)*AVERAGEIFS(tblCarga[PSE Sessão],tblCarga[Jogador],A38,tblCarga[Microciclo (Nr)],$B$13,tblCarga[Dia MD],$E$13),_xlpm.tgt,IF(VLOOKUP($E$13,$A$5:$J$11,10,FALSE)>0,VLOOKUP($E$13,$A$5:$J$11,10,FALSE),VLOOKUP($E$13,$A$5:$I$11,9,FALSE)),(_xlpm.real-_xlpm.tgt)/_xlpm.tgt),"—")) | J38: =IF(A38="","",IF(OR(ABS(B38)>0.25,ABS(C38)>0.25,ABS(I38)>0.25),"🟡 DESVIO","✅ OK"))
